Symbol  ,Date  ,Expiry  ,Option type  ,Strike Price  ,Open  ,High  ,Low  ,Close  ,LTP  ,Settle Price  ,No. of contracts  ,Turnover * in  ₹ Lakhs,Premium Turnover ** in   ₹ Lakhs,Open Int  ,Change in OI  ,Underlying Value  
RELIANCE,03-Apr-2023,27-Apr-2023,CE,1800.00,-,-,-,617.10,-,540.05,-,-,-,-,-,2331.45
RELIANCE,03-Apr-2023,27-Apr-2023,CE,1820.00,-,-,-,598.15,-,520.15,-,-,-,-,-,2331.45
RELIANCE,03-Apr-2023,27-Apr-2023,CE,1840.00,-,-,-,579.35,-,500.30,-,-,-,-,-,2331.45
RELIANCE,03-Apr-2023,27-Apr-2023,CE,1860.00,-,-,-,560.70,-,480.40,-,-,-,-,-,2331.45
RELIANCE,03-Apr-2023,27-Apr-2023,CE,1880.00,-,-,-,542.15,-,460.55,-,-,-,-,-,2331.45
RELIANCE,03-Apr-2023,27-Apr-2023,CE,1900.00,-,-,-,447.00,447.00,440.70,-,-,-,-,-,2331.45
RELIANCE,03-Apr-2023,27-Apr-2023,CE,1920.00,-,-,-,505.60,-,420.90,-,-,-,-,-,2331.45
RELIANCE,03-Apr-2023,27-Apr-2023,CE,1940.00,-,-,-,487.60,-,401.15,-,-,-,-,-,2331.45
RELIANCE,03-Apr-2023,27-Apr-2023,CE,1960.00,-,-,-,469.80,-,381.50,-,-,-,-,-,2331.45
RELIANCE,03-Apr-2023,27-Apr-2023,CE,1980.00,-,-,-,353.90,353.90,361.90,-,-,-,250.00,-,2331.45
RELIANCE,03-Apr-2023,27-Apr-2023,CE,2000.00,332.05,345.00,330.80,343.25,344.00,343.25,76.00,443.79,63.79,107500.00,-15500.00,2331.45
RELIANCE,03-Apr-2023,27-Apr-2023,CE,2020.00,-,-,-,265.30,265.30,323.05,-,-,-,500.00,-,2331.45
RELIANCE,03-Apr-2023,27-Apr-2023,CE,2040.00,-,-,-,311.75,311.75,303.90,-,-,-,3750.00,-,2331.45
RELIANCE,03-Apr-2023,27-Apr-2023,CE,2060.00,-,-,-,250.00,250.00,285.00,-,-,-,500.00,-,2331.45
RELIANCE,03-Apr-2023,27-Apr-2023,CE,2080.00,-,-,-,209.55,209.55,266.30,-,-,-,500.00,-,2331.45
RELIANCE,03-Apr-2023,27-Apr-2023,CE,2100.00,260.00,260.00,229.45,244.60,245.50,244.60,73.00,426.73,43.48,115000.00,-4750.00,2331.45
RELIANCE,03-Apr-2023,27-Apr-2023,CE,2120.00,221.75,221.75,221.75,221.75,221.75,230.05,1.00,5.85,0.55,250.00,250.00,2331.45
RELIANCE,03-Apr-2023,27-Apr-2023,CE,2140.00,-,-,-,213.00,213.00,212.55,-,-,-,20000.00,-,2331.45
RELIANCE,03-Apr-2023,27-Apr-2023,CE,2160.00,195.00,195.00,182.00,183.00,183.00,195.60,6.00,35.18,2.78,39500.00,-,2331.45
RELIANCE,03-Apr-2023,27-Apr-2023,CE,2180.00,182.00,182.00,155.00,164.95,164.95,179.15,24.00,140.73,9.93,47750.00,250.00,2331.45
RELIANCE,03-Apr-2023,27-Apr-2023,CE,2200.00,161.50,165.00,136.75,149.75,152.50,149.75,571.00,3349.40,208.90,430750.00,-29500.00,2331.45
RELIANCE,03-Apr-2023,27-Apr-2023,CE,2220.00,146.50,148.00,119.80,132.85,132.70,132.85,104.00,610.46,33.26,72000.00,-5500.00,2331.45
RELIANCE,03-Apr-2023,27-Apr-2023,CE,2240.00,129.70,132.00,103.50,115.25,117.00,115.25,526.00,3093.31,147.71,227250.00,-10750.00,2331.45
RELIANCE,03-Apr-2023,27-Apr-2023,CE,2260.00,114.00,116.45,88.80,99.10,100.00,99.10,596.00,3509.43,142.03,342250.00,1000.00,2331.45
RELIANCE,03-Apr-2023,27-Apr-2023,CE,2280.00,96.00,98.75,75.00,84.50,85.60,84.50,838.00,4950.04,173.44,241500.00,10000.00,2331.45
RELIANCE,03-Apr-2023,27-Apr-2023,CE,2300.00,84.30,85.80,62.60,71.00,72.10,71.00,9288.00,55023.81,1617.81,1557750.00,5500.00,2331.45
RELIANCE,03-Apr-2023,27-Apr-2023,CE,2320.00,66.95,76.60,51.80,59.05,60.00,59.05,8084.00,48045.82,1158.62,569250.00,70000.00,2331.45
RELIANCE,03-Apr-2023,27-Apr-2023,CE,2340.00,56.05,61.75,42.50,48.75,49.65,48.75,13766.00,82202.42,1671.32,953000.00,274250.00,2331.45
RELIANCE,03-Apr-2023,27-Apr-2023,CE,2360.00,49.85,50.40,34.50,39.60,40.30,39.60,8422.00,50520.30,830.50,644250.00,162250.00,2331.45
RELIANCE,03-Apr-2023,27-Apr-2023,CE,2380.00,40.15,41.60,27.65,32.00,32.65,32.00,6648.00,40078.33,522.73,455750.00,81500.00,2331.45
RELIANCE,03-Apr-2023,27-Apr-2023,CE,2400.00,34.05,34.05,22.00,26.00,26.40,26.00,20679.00,125412.88,1338.88,2733500.00,694750.00,2331.45
RELIANCE,03-Apr-2023,27-Apr-2023,CE,2420.00,26.35,26.75,17.25,20.20,20.75,20.20,6576.00,40111.03,326.23,356000.00,92750.00,2331.45
RELIANCE,03-Apr-2023,27-Apr-2023,CE,2440.00,20.00,22.10,13.60,15.95,16.35,15.95,5100.00,31313.07,203.07,489000.00,159000.00,2331.45
RELIANCE,03-Apr-2023,27-Apr-2023,CE,2460.00,16.90,17.20,10.75,12.60,13.05,12.60,3787.00,23410.37,120.32,338000.00,34000.00,2331.45
RELIANCE,03-Apr-2023,27-Apr-2023,CE,2480.00,13.70,13.75,8.60,10.00,10.35,10.00,2688.00,16733.14,67.54,162500.00,35250.00,2331.45
RELIANCE,03-Apr-2023,27-Apr-2023,CE,2500.00,11.95,12.00,7.00,8.15,8.00,8.15,8543.00,53570.54,176.79,2149500.00,209750.00,2331.45
RELIANCE,03-Apr-2023,27-Apr-2023,CE,2520.00,7.35,9.00,5.70,6.50,6.70,6.50,1362.00,8603.72,23.12,127250.00,34500.00,2331.45
RELIANCE,03-Apr-2023,27-Apr-2023,CE,2540.00,6.85,7.45,4.70,5.30,5.40,5.30,1059.00,6739.19,14.54,109000.00,6750.00,2331.45
RELIANCE,03-Apr-2023,27-Apr-2023,CE,2560.00,5.85,6.50,3.90,4.40,4.55,4.40,895.00,5738.30,10.30,120750.00,21750.00,2331.45
RELIANCE,03-Apr-2023,27-Apr-2023,CE,2580.00,4.95,6.00,3.25,3.70,3.85,3.70,939.00,6065.83,9.28,46500.00,-6000.00,2331.45
RELIANCE,03-Apr-2023,27-Apr-2023,CE,2600.00,3.95,4.30,2.85,3.20,3.25,3.20,3529.00,22967.46,28.96,1167000.00,125250.00,2331.45
RELIANCE,03-Apr-2023,27-Apr-2023,CE,2620.00,3.60,3.60,2.50,2.80,2.75,2.80,400.00,2622.81,2.81,19250.00,6250.00,2331.45
RELIANCE,03-Apr-2023,27-Apr-2023,CE,2640.00,3.05,3.05,2.30,2.45,2.45,2.45,149.00,984.32,0.92,44250.00,8500.00,2331.45
RELIANCE,03-Apr-2023,27-Apr-2023,CE,2660.00,2.40,2.55,1.95,2.25,2.20,2.25,68.00,452.57,0.37,28500.00,2750.00,2331.45
RELIANCE,03-Apr-2023,27-Apr-2023,CE,2680.00,2.20,2.20,1.80,1.90,1.90,1.90,24.00,160.92,0.12,11500.00,500.00,2331.45
RELIANCE,03-Apr-2023,27-Apr-2023,CE,2700.00,2.40,3.00,1.60,1.75,1.75,1.75,1928.00,13023.12,9.12,542500.00,47000.00,2331.45
RELIANCE,03-Apr-2023,27-Apr-2023,CE,2720.00,-,-,-,53.25,-,2.20,-,-,-,-,-,2331.45
RELIANCE,03-Apr-2023,27-Apr-2023,CE,2740.00,1.95,1.95,1.25,1.40,1.40,1.75,18.00,123.37,0.07,4000.00,-,2331.45
RELIANCE,03-Apr-2023,27-Apr-2023,CE,2760.00,1.90,1.90,1.90,1.90,1.90,1.35,1.00,6.90,-,250.00,250.00,2331.45
RELIANCE,03-Apr-2023,27-Apr-2023,CE,2780.00,1.55,1.95,1.20,1.20,1.20,1.05,10.00,69.54,0.04,7250.00,2500.00,2331.45
RELIANCE,03-Apr-2023,27-Apr-2023,CE,2800.00,1.70,1.70,0.95,1.05,1.05,1.05,742.00,5196.11,2.11,201000.00,3000.00,2331.45
RELIANCE,03-Apr-2023,27-Apr-2023,CE,2820.00,1.50,1.50,1.15,1.35,1.20,1.35,21.00,148.12,0.07,5500.00,2000.00,2331.45
RELIANCE,03-Apr-2023,27-Apr-2023,CE,2840.00,1.25,1.30,0.80,0.90,0.85,0.90,143.00,1015.68,0.38,23000.00,-2000.00,2331.45
RELIANCE,05-Apr-2023,27-Apr-2023,CE,1800.00,-,-,-,617.10,-,533.70,-,-,-,-,-,2325.85
RELIANCE,05-Apr-2023,27-Apr-2023,CE,1820.00,-,-,-,598.15,-,513.80,-,-,-,-,-,2325.85
RELIANCE,05-Apr-2023,27-Apr-2023,CE,1840.00,-,-,-,579.35,-,493.90,-,-,-,-,-,2325.85
RELIANCE,05-Apr-2023,27-Apr-2023,CE,1860.00,-,-,-,560.70,-,474.00,-,-,-,-,-,2325.85
RELIANCE,05-Apr-2023,27-Apr-2023,CE,1880.00,-,-,-,542.15,-,454.10,-,-,-,-,-,2325.85
RELIANCE,05-Apr-2023,27-Apr-2023,CE,1900.00,431.00,431.00,430.35,430.35,430.35,434.25,2.00,11.65,2.15,500.00,500.00,2325.85
RELIANCE,05-Apr-2023,27-Apr-2023,CE,1920.00,-,-,-,505.60,-,414.40,-,-,-,-,-,2325.85
RELIANCE,05-Apr-2023,27-Apr-2023,CE,1940.00,-,-,-,487.60,-,394.65,-,-,-,-,-,2325.85
RELIANCE,05-Apr-2023,27-Apr-2023,CE,1960.00,-,-,-,469.80,-,374.90,-,-,-,-,-,2325.85
RELIANCE,05-Apr-2023,27-Apr-2023,CE,1980.00,-,-,-,353.90,353.90,355.25,-,-,-,250.00,-,2325.85
RELIANCE,05-Apr-2023,27-Apr-2023,CE,2000.00,350.15,350.40,330.95,335.50,335.50,335.70,30.00,175.33,25.33,103500.00,-4000.00,2325.85
RELIANCE,05-Apr-2023,27-Apr-2023,CE,2020.00,-,-,-,265.30,265.30,316.30,-,-,-,500.00,-,2325.85
RELIANCE,05-Apr-2023,27-Apr-2023,CE,2040.00,-,-,-,311.75,311.75,297.05,-,-,-,3750.00,-,2325.85
RELIANCE,05-Apr-2023,27-Apr-2023,CE,2060.00,-,-,-,250.00,250.00,278.00,-,-,-,500.00,-,2325.85
RELIANCE,05-Apr-2023,27-Apr-2023,CE,2080.00,-,-,-,209.55,209.55,259.25,-,-,-,500.00,-,2325.85
RELIANCE,05-Apr-2023,27-Apr-2023,CE,2100.00,246.35,249.40,229.00,241.35,241.00,241.35,42.00,245.54,25.04,111500.00,-3500.00,2325.85
RELIANCE,05-Apr-2023,27-Apr-2023,CE,2120.00,-,-,-,221.75,221.75,222.80,-,-,-,250.00,-,2325.85
RELIANCE,05-Apr-2023,27-Apr-2023,CE,2140.00,-,-,-,213.00,213.00,205.25,-,-,-,20000.00,-,2325.85
RELIANCE,05-Apr-2023,27-Apr-2023,CE,2160.00,190.65,190.65,176.95,184.50,184.50,184.50,21.00,122.84,9.44,37000.00,-2500.00,2325.85
RELIANCE,05-Apr-2023,27-Apr-2023,CE,2180.00,166.00,166.00,157.30,160.00,160.00,171.70,3.00,17.56,1.21,47250.00,-500.00,2325.85
RELIANCE,05-Apr-2023,27-Apr-2023,CE,2200.00,153.90,160.85,135.10,148.05,148.00,148.05,1231.00,7229.31,458.81,320000.00,-110750.00,2325.85
RELIANCE,05-Apr-2023,27-Apr-2023,CE,2220.00,140.50,140.55,118.70,130.40,130.70,130.40,63.00,369.86,20.21,69000.00,-3000.00,2325.85
RELIANCE,05-Apr-2023,27-Apr-2023,CE,2240.00,118.00,123.25,102.50,113.35,114.00,113.35,550.00,3233.53,153.53,227500.00,250.00,2325.85
RELIANCE,05-Apr-2023,27-Apr-2023,CE,2260.00,103.00,108.60,87.40,97.05,97.35,97.05,745.00,4387.77,178.52,332500.00,-9750.00,2325.85
RELIANCE,05-Apr-2023,27-Apr-2023,CE,2280.00,86.95,93.05,74.15,82.75,82.60,82.75,1473.00,8696.83,300.73,243250.00,1750.00,2325.85
RELIANCE,05-Apr-2023,27-Apr-2023,CE,2300.00,77.05,79.00,62.00,69.45,69.45,69.45,11978.00,70937.94,2064.44,1640250.00,82500.00,2325.85
RELIANCE,05-Apr-2023,27-Apr-2023,CE,2320.00,63.75,66.70,51.25,57.55,57.00,57.55,11673.00,69362.42,1659.02,726250.00,157000.00,2325.85
RELIANCE,05-Apr-2023,27-Apr-2023,CE,2340.00,52.75,55.00,41.70,47.20,47.10,47.20,17665.00,105434.06,2093.81,1118750.00,165750.00,2325.85
RELIANCE,05-Apr-2023,27-Apr-2023,CE,2360.00,43.95,45.65,33.45,38.00,37.90,38.00,14284.00,85641.05,1365.45,836250.00,192000.00,2325.85
RELIANCE,05-Apr-2023,27-Apr-2023,CE,2380.00,34.80,36.75,26.60,30.35,30.15,30.35,8617.00,51926.74,655.59,525500.00,69750.00,2325.85
RELIANCE,05-Apr-2023,27-Apr-2023,CE,2400.00,29.05,30.60,20.95,24.15,24.00,24.15,28502.00,172749.44,1737.44,3216500.00,483000.00,2325.85
RELIANCE,05-Apr-2023,27-Apr-2023,CE,2420.00,22.05,24.60,16.45,18.80,18.65,18.80,6016.00,36685.29,288.49,443250.00,87250.00,2325.85
RELIANCE,05-Apr-2023,27-Apr-2023,CE,2440.00,19.75,19.75,12.85,14.65,14.75,14.65,5433.00,33344.38,203.08,625500.00,136500.00,2325.85
RELIANCE,05-Apr-2023,27-Apr-2023,CE,2460.00,14.90,15.00,10.20,11.50,11.60,11.50,5345.00,33028.49,156.74,457500.00,119500.00,2325.85
RELIANCE,05-Apr-2023,27-Apr-2023,CE,2480.00,10.80,12.80,8.15,9.10,9.10,9.10,2461.00,15316.51,58.31,196500.00,34000.00,2325.85
RELIANCE,05-Apr-2023,27-Apr-2023,CE,2500.00,8.90,10.00,6.60,7.35,7.50,7.35,8616.00,54012.53,162.53,2443250.00,293750.00,2325.85
RELIANCE,05-Apr-2023,27-Apr-2023,CE,2520.00,6.85,7.65,5.25,5.90,5.90,5.90,777.00,4906.98,11.88,142500.00,15250.00,2325.85
RELIANCE,05-Apr-2023,27-Apr-2023,CE,2540.00,5.40,6.00,4.30,4.75,4.85,4.75,1341.00,8531.53,16.18,138000.00,29000.00,2325.85
RELIANCE,05-Apr-2023,27-Apr-2023,CE,2560.00,5.00,5.00,3.55,3.95,4.10,3.95,636.00,4076.69,6.29,126500.00,5750.00,2325.85
RELIANCE,05-Apr-2023,27-Apr-2023,CE,2580.00,4.50,4.50,3.00,3.30,3.35,3.30,1082.00,6988.22,9.32,58000.00,11500.00,2325.85
RELIANCE,05-Apr-2023,27-Apr-2023,CE,2600.00,3.55,3.75,2.45,2.85,2.85,2.85,3365.00,21896.33,23.83,1263250.00,96250.00,2325.85
RELIANCE,05-Apr-2023,27-Apr-2023,CE,2620.00,2.75,2.80,2.15,2.40,2.50,2.40,190.00,1245.63,1.13,20500.00,1250.00,2325.85
RELIANCE,05-Apr-2023,27-Apr-2023,CE,2640.00,2.45,2.45,1.85,2.00,2.00,2.00,202.00,1334.23,1.03,57000.00,12750.00,2325.85
RELIANCE,05-Apr-2023,27-Apr-2023,CE,2660.00,2.25,2.30,1.55,1.75,1.75,1.75,62.00,412.58,0.28,30500.00,2000.00,2325.85
RELIANCE,05-Apr-2023,27-Apr-2023,CE,2680.00,1.95,2.20,1.45,1.65,1.65,1.65,41.00,274.87,0.17,13000.00,1500.00,2325.85
RELIANCE,05-Apr-2023,27-Apr-2023,CE,2700.00,1.75,1.85,1.40,1.55,1.60,1.55,1434.00,9685.05,5.55,605500.00,63000.00,2325.85
RELIANCE,05-Apr-2023,27-Apr-2023,CE,2720.00,2.20,2.20,1.45,1.45,1.45,1.50,5.00,34.02,0.02,1250.00,1250.00,2325.85
RELIANCE,05-Apr-2023,27-Apr-2023,CE,2740.00,1.50,1.50,1.05,1.05,1.05,1.15,29.00,198.74,0.09,9250.00,5250.00,2325.85
RELIANCE,05-Apr-2023,27-Apr-2023,CE,2760.00,1.00,1.30,0.95,1.15,1.15,1.15,18.00,124.25,0.05,2250.00,2000.00,2325.85
RELIANCE,05-Apr-2023,27-Apr-2023,CE,2780.00,1.35,1.35,0.85,0.95,0.85,0.95,14.00,97.34,0.04,9500.00,2250.00,2325.85
RELIANCE,05-Apr-2023,27-Apr-2023,CE,2800.00,1.10,1.10,0.65,0.70,0.65,0.70,713.00,4992.43,1.43,221000.00,20000.00,2325.85
RELIANCE,05-Apr-2023,27-Apr-2023,CE,2820.00,-,-,-,1.35,1.20,0.40,-,-,-,5500.00,-,2325.85
RELIANCE,05-Apr-2023,27-Apr-2023,CE,2840.00,0.85,0.85,0.60,0.65,0.65,0.30,28.00,198.85,0.05,24500.00,1500.00,2325.85
RELIANCE,06-Apr-2023,27-Apr-2023,CE,1800.00,-,-,-,617.10,-,548.90,-,-,-,-,-,2341.45
RELIANCE,06-Apr-2023,27-Apr-2023,CE,1820.00,-,-,-,598.15,-,529.00,-,-,-,-,-,2341.45
RELIANCE,06-Apr-2023,27-Apr-2023,CE,1840.00,-,-,-,579.35,-,509.05,-,-,-,-,-,2341.45
RELIANCE,06-Apr-2023,27-Apr-2023,CE,1860.00,-,-,-,560.70,-,489.15,-,-,-,-,-,2341.45
RELIANCE,06-Apr-2023,27-Apr-2023,CE,1880.00,-,-,-,542.15,-,469.25,-,-,-,-,-,2341.45
RELIANCE,06-Apr-2023,27-Apr-2023,CE,1900.00,458.95,458.95,455.00,456.25,456.25,449.40,6.00,35.37,6.87,1250.00,750.00,2341.45
RELIANCE,06-Apr-2023,27-Apr-2023,CE,1920.00,-,-,-,505.60,-,429.50,-,-,-,-,-,2341.45
RELIANCE,06-Apr-2023,27-Apr-2023,CE,1940.00,-,-,-,487.60,-,409.70,-,-,-,-,-,2341.45
RELIANCE,06-Apr-2023,27-Apr-2023,CE,1960.00,-,-,-,469.80,-,389.90,-,-,-,-,-,2341.45
RELIANCE,06-Apr-2023,27-Apr-2023,CE,1980.00,-,-,-,353.90,353.90,370.15,-,-,-,250.00,-,2341.45
RELIANCE,06-Apr-2023,27-Apr-2023,CE,2000.00,336.40,365.00,336.40,351.55,351.00,351.55,72.00,423.85,63.85,90750.00,-12750.00,2341.45
RELIANCE,06-Apr-2023,27-Apr-2023,CE,2020.00,345.00,345.00,345.00,345.00,345.00,330.90,1.00,5.91,0.86,500.00,-,2341.45
RELIANCE,06-Apr-2023,27-Apr-2023,CE,2040.00,-,-,-,311.75,311.75,311.50,-,-,-,3750.00,-,2341.45
RELIANCE,06-Apr-2023,27-Apr-2023,CE,2060.00,-,-,-,250.00,250.00,292.25,-,-,-,500.00,-,2341.45
RELIANCE,06-Apr-2023,27-Apr-2023,CE,2080.00,-,-,-,209.55,209.55,273.20,-,-,-,500.00,-,2341.45
RELIANCE,06-Apr-2023,27-Apr-2023,CE,2100.00,257.25,266.35,248.00,254.45,254.50,254.45,196.00,1156.95,127.95,83500.00,-28000.00,2341.45
RELIANCE,06-Apr-2023,27-Apr-2023,CE,2120.00,-,-,-,221.75,221.75,236.05,-,-,-,250.00,-,2341.45
RELIANCE,06-Apr-2023,27-Apr-2023,CE,2140.00,217.35,223.00,217.35,223.00,223.00,218.00,2.00,11.80,1.10,19750.00,-250.00,2341.45
RELIANCE,06-Apr-2023,27-Apr-2023,CE,2160.00,193.10,193.10,193.00,193.00,193.00,200.45,4.00,23.53,1.93,36500.00,-500.00,2341.45
RELIANCE,06-Apr-2023,27-Apr-2023,CE,2180.00,183.75,186.00,183.00,186.00,186.00,183.45,5.00,29.56,2.31,47000.00,-250.00,2341.45
RELIANCE,06-Apr-2023,27-Apr-2023,CE,2200.00,144.00,169.95,141.55,157.45,157.00,157.45,977.00,5760.41,386.91,360250.00,40250.00,2341.45
RELIANCE,06-Apr-2023,27-Apr-2023,CE,2220.00,133.00,151.45,133.00,144.00,144.00,151.25,138.00,814.82,48.92,59750.00,-9250.00,2341.45
RELIANCE,06-Apr-2023,27-Apr-2023,CE,2240.00,110.00,135.00,109.05,122.15,121.50,122.15,461.00,2725.23,143.63,200750.00,-26750.00,2341.45
RELIANCE,06-Apr-2023,27-Apr-2023,CE,2260.00,92.05,118.00,92.05,105.35,104.15,105.35,749.00,4433.88,202.03,319750.00,-12750.00,2341.45
RELIANCE,06-Apr-2023,27-Apr-2023,CE,2280.00,79.10,102.25,78.00,89.95,88.35,89.95,961.00,5697.95,220.25,239500.00,-3750.00,2341.45
RELIANCE,06-Apr-2023,27-Apr-2023,CE,2300.00,64.90,87.80,64.90,75.60,74.95,75.60,12244.00,72797.43,2394.43,1628500.00,-11750.00,2341.45
RELIANCE,06-Apr-2023,27-Apr-2023,CE,2320.00,55.15,74.15,53.50,62.60,61.75,62.60,8538.00,50906.77,1386.37,565250.00,-161000.00,2341.45
RELIANCE,06-Apr-2023,27-Apr-2023,CE,2340.00,45.00,62.55,43.30,51.25,50.20,51.25,25174.00,150677.25,3409.35,1194000.00,75250.00,2341.45
RELIANCE,06-Apr-2023,27-Apr-2023,CE,2360.00,36.85,51.90,34.60,41.35,40.50,41.35,25512.00,153364.47,2843.67,1163000.00,326750.00,2341.45
RELIANCE,06-Apr-2023,27-Apr-2023,CE,2380.00,28.50,42.00,27.50,32.75,32.20,32.75,13313.00,80384.40,1172.05,581750.00,56250.00,2341.45
RELIANCE,06-Apr-2023,27-Apr-2023,CE,2400.00,24.00,33.75,21.55,25.45,25.15,25.45,36214.00,219807.39,2523.39,2998500.00,-218000.00,2341.45
RELIANCE,06-Apr-2023,27-Apr-2023,CE,2420.00,18.80,26.70,16.85,19.65,19.20,19.65,9749.00,59513.12,531.67,526000.00,82750.00,2341.45
RELIANCE,06-Apr-2023,27-Apr-2023,CE,2440.00,14.00,20.85,13.15,15.05,14.90,15.05,7952.00,48839.17,331.97,719750.00,94250.00,2341.45
RELIANCE,06-Apr-2023,27-Apr-2023,CE,2460.00,10.90,16.45,10.30,11.60,11.40,11.60,6268.00,38753.13,204.93,554500.00,97000.00,2341.45
RELIANCE,06-Apr-2023,27-Apr-2023,CE,2480.00,8.95,12.90,8.20,9.05,8.80,9.05,3176.00,19772.05,80.85,231500.00,35000.00,2341.45
RELIANCE,06-Apr-2023,27-Apr-2023,CE,2500.00,7.35,10.35,6.75,7.15,6.95,7.15,12889.00,80814.98,258.73,2665750.00,222500.00,2341.45
RELIANCE,06-Apr-2023,27-Apr-2023,CE,2520.00,5.00,8.05,4.95,5.50,5.35,5.50,1446.00,9132.51,22.71,190000.00,47500.00,2341.45
RELIANCE,06-Apr-2023,27-Apr-2023,CE,2540.00,4.80,6.40,3.95,4.20,4.20,4.20,2263.00,14397.05,27.00,186000.00,48000.00,2341.45
RELIANCE,06-Apr-2023,27-Apr-2023,CE,2560.00,4.15,5.10,3.25,3.40,3.30,3.40,2135.00,13684.92,20.92,137500.00,11000.00,2341.45
RELIANCE,06-Apr-2023,27-Apr-2023,CE,2580.00,3.25,4.20,2.60,2.70,2.60,2.70,662.00,4275.21,5.31,70000.00,12000.00,2341.45
RELIANCE,06-Apr-2023,27-Apr-2023,CE,2600.00,3.00,3.50,2.10,2.25,2.15,2.25,3527.00,22949.53,24.03,1371250.00,108000.00,2341.45
RELIANCE,06-Apr-2023,27-Apr-2023,CE,2620.00,2.40,2.85,1.80,1.90,1.85,1.90,115.00,753.92,0.67,24250.00,3750.00,2341.45
RELIANCE,06-Apr-2023,27-Apr-2023,CE,2640.00,2.00,2.20,1.35,1.40,1.35,1.40,222.00,1466.17,0.97,70750.00,13750.00,2341.45
RELIANCE,06-Apr-2023,27-Apr-2023,CE,2660.00,2.15,2.15,1.45,1.45,1.45,1.45,35.00,232.89,0.14,30500.00,-,2341.45
RELIANCE,06-Apr-2023,27-Apr-2023,CE,2680.00,1.65,1.70,1.30,1.30,1.30,2.75,78.00,522.89,0.29,20500.00,7500.00,2341.45
RELIANCE,06-Apr-2023,27-Apr-2023,CE,2700.00,1.55,1.65,1.05,1.15,1.05,1.15,1439.00,9718.25,5.00,674250.00,68750.00,2341.45
RELIANCE,06-Apr-2023,27-Apr-2023,CE,2720.00,1.10,1.40,1.05,1.10,1.05,1.10,14.00,95.24,0.04,3250.00,2000.00,2341.45
RELIANCE,06-Apr-2023,27-Apr-2023,CE,2740.00,1.15,1.20,0.95,1.05,1.05,1.25,48.00,328.93,0.13,16000.00,6750.00,2341.45
RELIANCE,06-Apr-2023,27-Apr-2023,CE,2760.00,1.00,1.15,0.95,1.15,1.15,0.95,6.00,41.42,0.02,3250.00,1000.00,2341.45
RELIANCE,06-Apr-2023,27-Apr-2023,CE,2780.00,1.00,1.10,0.85,1.10,1.10,0.75,12.00,83.43,0.03,11250.00,1750.00,2341.45
RELIANCE,06-Apr-2023,27-Apr-2023,CE,2800.00,0.65,0.80,0.60,0.65,0.65,0.65,604.00,4229.05,1.05,219250.00,-1750.00,2341.45
RELIANCE,06-Apr-2023,27-Apr-2023,CE,2820.00,0.40,0.40,0.40,0.40,0.40,0.40,11.00,77.56,0.01,2750.00,-2750.00,2341.45
RELIANCE,06-Apr-2023,27-Apr-2023,CE,2840.00,0.55,0.60,0.55,0.55,0.55,0.55,12.00,85.22,0.02,25500.00,1000.00,2341.45
RELIANCE,10-Apr-2023,27-Apr-2023,CE,1800.00,-,-,-,617.10,-,530.80,-,-,-,-,-,2324.85
RELIANCE,10-Apr-2023,27-Apr-2023,CE,1820.00,-,-,-,598.15,-,510.90,-,-,-,-,-,2324.85
RELIANCE,10-Apr-2023,27-Apr-2023,CE,1840.00,-,-,-,579.35,-,490.95,-,-,-,-,-,2324.85
RELIANCE,10-Apr-2023,27-Apr-2023,CE,1860.00,-,-,-,560.70,-,471.00,-,-,-,-,-,2324.85
RELIANCE,10-Apr-2023,27-Apr-2023,CE,1880.00,-,-,-,542.15,-,451.10,-,-,-,-,-,2324.85
RELIANCE,10-Apr-2023,27-Apr-2023,CE,1900.00,455.40,455.40,455.40,455.40,455.40,431.20,1.00,5.89,1.14,1000.00,-250.00,2324.85
RELIANCE,10-Apr-2023,27-Apr-2023,CE,1920.00,-,-,-,505.60,-,411.25,-,-,-,-,-,2324.85
RELIANCE,10-Apr-2023,27-Apr-2023,CE,1940.00,-,-,-,487.60,-,391.40,-,-,-,-,-,2324.85
RELIANCE,10-Apr-2023,27-Apr-2023,CE,1960.00,-,-,-,469.80,-,371.50,-,-,-,-,-,2324.85
RELIANCE,10-Apr-2023,27-Apr-2023,CE,1980.00,-,-,-,353.90,353.90,351.70,-,-,-,250.00,-,2324.85
RELIANCE,10-Apr-2023,27-Apr-2023,CE,2000.00,353.30,354.95,337.95,337.95,337.95,337.95,9.00,52.83,7.83,90500.00,-250.00,2324.85
RELIANCE,10-Apr-2023,27-Apr-2023,CE,2020.00,-,-,-,345.00,345.00,312.25,-,-,-,500.00,-,2324.85
RELIANCE,10-Apr-2023,27-Apr-2023,CE,2040.00,-,-,-,311.75,311.75,292.70,-,-,-,3750.00,-,2324.85
RELIANCE,10-Apr-2023,27-Apr-2023,CE,2060.00,-,-,-,250.00,250.00,273.30,-,-,-,500.00,-,2324.85
RELIANCE,10-Apr-2023,27-Apr-2023,CE,2080.00,-,-,-,209.55,209.55,254.15,-,-,-,500.00,-,2324.85
RELIANCE,10-Apr-2023,27-Apr-2023,CE,2100.00,258.00,258.00,236.85,238.40,238.00,238.40,42.00,246.83,26.33,73750.00,-9750.00,2324.85
RELIANCE,10-Apr-2023,27-Apr-2023,CE,2120.00,-,-,-,221.75,221.75,216.65,-,-,-,250.00,-,2324.85
RELIANCE,10-Apr-2023,27-Apr-2023,CE,2140.00,-,-,-,223.00,223.00,198.50,-,-,-,19750.00,-,2324.85
RELIANCE,10-Apr-2023,27-Apr-2023,CE,2160.00,195.00,195.00,181.50,181.75,181.50,181.75,5.00,29.30,2.31,36000.00,-500.00,2324.85
RELIANCE,10-Apr-2023,27-Apr-2023,CE,2180.00,161.35,161.50,161.35,161.50,161.50,163.75,2.00,11.71,0.81,47000.00,-,2324.85
RELIANCE,10-Apr-2023,27-Apr-2023,CE,2200.00,161.85,162.15,142.35,144.25,144.50,144.25,295.00,1734.15,111.65,349250.00,-11000.00,2324.85
RELIANCE,10-Apr-2023,27-Apr-2023,CE,2220.00,137.00,140.60,124.40,126.95,126.90,126.95,42.00,247.13,14.03,57500.00,-2250.00,2324.85
RELIANCE,10-Apr-2023,27-Apr-2023,CE,2240.00,125.75,125.75,107.00,109.25,109.00,109.25,128.00,754.20,37.40,196500.00,-4250.00,2324.85
RELIANCE,10-Apr-2023,27-Apr-2023,CE,2260.00,106.55,109.10,90.90,92.45,93.35,92.45,342.00,2017.28,84.98,307750.00,-12000.00,2324.85
RELIANCE,10-Apr-2023,27-Apr-2023,CE,2280.00,91.00,91.45,75.60,77.35,77.95,77.35,341.00,2014.92,71.22,236750.00,-2750.00,2324.85
RELIANCE,10-Apr-2023,27-Apr-2023,CE,2300.00,76.00,79.00,62.10,63.90,64.20,63.90,5716.00,33873.00,1006.00,1530000.00,-98500.00,2324.85
RELIANCE,10-Apr-2023,27-Apr-2023,CE,2320.00,63.35,65.45,50.15,51.85,51.70,51.85,4752.00,28234.76,673.16,584750.00,19500.00,2324.85
RELIANCE,10-Apr-2023,27-Apr-2023,CE,2340.00,52.00,53.75,40.00,41.50,41.80,41.50,11134.00,66422.53,1288.63,1355750.00,161750.00,2324.85
RELIANCE,10-Apr-2023,27-Apr-2023,CE,2360.00,42.05,43.15,31.20,32.50,32.50,32.50,10577.00,63376.66,972.36,1208500.00,45500.00,2324.85
RELIANCE,10-Apr-2023,27-Apr-2023,CE,2380.00,34.00,34.55,23.90,25.00,25.50,25.00,7113.00,42826.07,503.72,629250.00,47500.00,2324.85
RELIANCE,10-Apr-2023,27-Apr-2023,CE,2400.00,25.45,26.75,18.00,19.00,19.00,19.00,16019.00,96981.14,867.14,3269500.00,271000.00,2324.85
RELIANCE,10-Apr-2023,27-Apr-2023,CE,2420.00,19.80,20.50,13.50,14.30,14.35,14.30,5477.00,33358.95,223.10,618500.00,92500.00,2324.85
RELIANCE,10-Apr-2023,27-Apr-2023,CE,2440.00,15.15,15.45,10.05,10.65,10.65,10.65,4308.00,26409.60,130.80,760000.00,40250.00,2324.85
RELIANCE,10-Apr-2023,27-Apr-2023,CE,2460.00,11.70,11.90,7.60,8.05,8.00,8.05,2952.00,18223.19,68.39,611000.00,56500.00,2324.85
RELIANCE,10-Apr-2023,27-Apr-2023,CE,2480.00,9.15,9.15,5.85,6.30,6.35,6.30,2357.00,14655.37,41.97,282500.00,51000.00,2324.85
RELIANCE,10-Apr-2023,27-Apr-2023,CE,2500.00,6.95,7.10,4.65,5.05,5.00,5.05,5883.00,36851.94,83.19,2833500.00,167750.00,2324.85
RELIANCE,10-Apr-2023,27-Apr-2023,CE,2520.00,4.80,5.30,3.60,3.90,3.95,3.90,704.00,4442.79,7.59,202500.00,12500.00,2324.85
RELIANCE,10-Apr-2023,27-Apr-2023,CE,2540.00,3.20,4.20,2.85,3.10,3.10,3.10,1070.00,6803.53,9.03,182500.00,-3500.00,2324.85
RELIANCE,10-Apr-2023,27-Apr-2023,CE,2560.00,3.25,3.40,2.25,2.45,2.50,2.45,1043.00,6682.21,7.01,140250.00,2750.00,2324.85
RELIANCE,10-Apr-2023,27-Apr-2023,CE,2580.00,2.70,2.70,1.65,2.00,2.00,2.00,618.00,3989.40,3.30,62250.00,-7750.00,2324.85
RELIANCE,10-Apr-2023,27-Apr-2023,CE,2600.00,2.15,2.30,1.55,1.75,1.75,1.75,1810.00,11773.29,8.29,1325750.00,-45500.00,2324.85
RELIANCE,10-Apr-2023,27-Apr-2023,CE,2620.00,1.50,1.65,1.45,1.50,1.45,1.50,24.00,157.29,0.09,23750.00,-500.00,2324.85
RELIANCE,10-Apr-2023,27-Apr-2023,CE,2640.00,1.10,1.30,1.05,1.05,1.05,1.05,36.00,237.70,0.10,70750.00,-,2324.85
RELIANCE,10-Apr-2023,27-Apr-2023,CE,2660.00,1.05,1.40,1.05,1.10,1.10,1.10,79.00,525.59,0.24,23250.00,-7250.00,2324.85
RELIANCE,10-Apr-2023,27-Apr-2023,CE,2680.00,1.05,3.40,0.85,1.00,1.00,1.00,210.00,1407.65,0.65,19000.00,-1500.00,2324.85
RELIANCE,10-Apr-2023,27-Apr-2023,CE,2700.00,1.10,1.10,0.80,0.90,0.90,0.90,1034.00,6981.91,2.41,648500.00,-25750.00,2324.85
RELIANCE,10-Apr-2023,27-Apr-2023,CE,2720.00,0.90,1.00,0.90,0.90,0.90,0.55,20.00,136.05,0.05,8250.00,5000.00,2324.85
RELIANCE,10-Apr-2023,27-Apr-2023,CE,2740.00,0.85,0.90,0.75,0.75,0.75,0.40,16.00,109.63,0.03,16750.00,750.00,2324.85
RELIANCE,10-Apr-2023,27-Apr-2023,CE,2760.00,0.95,0.95,0.65,0.65,0.65,0.65,7.00,48.31,0.01,2750.00,-500.00,2324.85
RELIANCE,10-Apr-2023,27-Apr-2023,CE,2780.00,0.95,0.95,0.55,0.55,0.55,0.55,5.00,34.76,0.01,11500.00,250.00,2324.85
RELIANCE,10-Apr-2023,27-Apr-2023,CE,2800.00,0.50,0.60,0.45,0.50,0.45,0.50,357.00,2499.47,0.47,229250.00,10000.00,2324.85
RELIANCE,10-Apr-2023,27-Apr-2023,CE,2820.00,0.50,0.50,0.45,0.45,0.45,0.10,11.00,77.56,0.01,2750.00,-,2324.85
RELIANCE,10-Apr-2023,27-Apr-2023,CE,2840.00,0.20,0.40,0.20,0.35,0.35,0.35,10.00,71.01,0.01,25250.00,-250.00,2324.85
RELIANCE,11-Apr-2023,27-Apr-2023,CE,1800.00,-,-,-,617.10,-,541.95,-,-,-,-,-,2336.35
RELIANCE,11-Apr-2023,27-Apr-2023,CE,1820.00,-,-,-,598.15,-,522.00,-,-,-,-,-,2336.35
RELIANCE,11-Apr-2023,27-Apr-2023,CE,1840.00,-,-,-,579.35,-,502.05,-,-,-,-,-,2336.35
RELIANCE,11-Apr-2023,27-Apr-2023,CE,1860.00,-,-,-,560.70,-,482.15,-,-,-,-,-,2336.35
RELIANCE,11-Apr-2023,27-Apr-2023,CE,1880.00,-,-,-,542.15,-,462.20,-,-,-,-,-,2336.35
RELIANCE,11-Apr-2023,27-Apr-2023,CE,1900.00,-,-,-,455.40,455.40,442.25,-,-,-,1000.00,-,2336.35
RELIANCE,11-Apr-2023,27-Apr-2023,CE,1920.00,-,-,-,505.60,-,422.35,-,-,-,-,-,2336.35
RELIANCE,11-Apr-2023,27-Apr-2023,CE,1940.00,-,-,-,487.60,-,402.45,-,-,-,-,-,2336.35
RELIANCE,11-Apr-2023,27-Apr-2023,CE,1960.00,-,-,-,469.80,-,382.55,-,-,-,-,-,2336.35
RELIANCE,11-Apr-2023,27-Apr-2023,CE,1980.00,-,-,-,353.90,353.90,362.70,-,-,-,250.00,-,2336.35
RELIANCE,11-Apr-2023,27-Apr-2023,CE,2000.00,339.95,351.20,337.40,351.20,351.20,351.20,7.00,40.98,5.98,90000.00,-500.00,2336.35
RELIANCE,11-Apr-2023,27-Apr-2023,CE,2020.00,-,-,-,345.00,345.00,323.10,-,-,-,500.00,-,2336.35
RELIANCE,11-Apr-2023,27-Apr-2023,CE,2040.00,-,-,-,311.75,311.75,303.40,-,-,-,3750.00,-,2336.35
RELIANCE,11-Apr-2023,27-Apr-2023,CE,2060.00,-,-,-,250.00,250.00,283.85,-,-,-,500.00,-,2336.35
RELIANCE,11-Apr-2023,27-Apr-2023,CE,2080.00,-,-,-,209.55,209.55,264.50,-,-,-,500.00,-,2336.35
RELIANCE,11-Apr-2023,27-Apr-2023,CE,2100.00,236.00,250.80,236.00,250.30,250.00,250.30,24.00,140.68,14.68,71500.00,-2250.00,2336.35
RELIANCE,11-Apr-2023,27-Apr-2023,CE,2120.00,-,-,-,221.75,221.75,226.45,-,-,-,250.00,-,2336.35
RELIANCE,11-Apr-2023,27-Apr-2023,CE,2140.00,199.90,199.90,199.90,199.90,199.90,207.90,1.00,5.85,0.50,19750.00,-,2336.35
RELIANCE,11-Apr-2023,27-Apr-2023,CE,2160.00,184.15,184.15,184.15,184.15,184.15,189.85,1.00,5.86,0.46,36000.00,-,2336.35
RELIANCE,11-Apr-2023,27-Apr-2023,CE,2180.00,172.05,172.05,169.20,169.20,169.20,169.20,2.00,11.75,0.85,47000.00,-,2336.35
RELIANCE,11-Apr-2023,27-Apr-2023,CE,2200.00,144.50,157.45,140.55,153.20,153.00,153.20,462.00,2716.54,175.54,362750.00,13500.00,2336.35
RELIANCE,11-Apr-2023,27-Apr-2023,CE,2220.00,126.00,136.50,126.00,133.20,133.20,139.15,26.00,152.97,8.67,54500.00,-3000.00,2336.35
RELIANCE,11-Apr-2023,27-Apr-2023,CE,2240.00,109.00,119.90,107.60,117.10,118.00,117.10,118.00,694.60,33.80,189250.00,-7250.00,2336.35
RELIANCE,11-Apr-2023,27-Apr-2023,CE,2260.00,94.00,103.00,89.85,99.70,98.55,99.70,433.00,2552.02,105.57,297000.00,-10750.00,2336.35
RELIANCE,11-Apr-2023,27-Apr-2023,CE,2280.00,78.15,86.85,75.75,83.40,83.50,83.40,539.00,3182.58,110.28,229500.00,-7250.00,2336.35
RELIANCE,11-Apr-2023,27-Apr-2023,CE,2300.00,65.20,72.50,60.50,69.25,68.40,69.25,5332.00,31563.69,904.69,1494000.00,-36000.00,2336.35
RELIANCE,11-Apr-2023,27-Apr-2023,CE,2320.00,53.55,59.40,49.50,55.95,55.95,55.95,5264.00,31248.65,717.45,593750.00,9000.00,2336.35
RELIANCE,11-Apr-2023,27-Apr-2023,CE,2340.00,43.20,47.75,39.60,44.75,44.50,44.75,11750.00,70029.02,1291.52,1373000.00,17250.00,2336.35
RELIANCE,11-Apr-2023,27-Apr-2023,CE,2360.00,33.75,37.65,30.55,34.85,34.50,34.85,7823.00,46825.80,670.10,1232250.00,23750.00,2336.35
RELIANCE,11-Apr-2023,27-Apr-2023,CE,2380.00,24.05,28.90,23.25,26.35,26.40,26.35,6269.00,37706.50,405.95,777500.00,148250.00,2336.35
RELIANCE,11-Apr-2023,27-Apr-2023,CE,2400.00,20.15,21.85,17.55,19.90,19.75,19.90,13643.00,82527.12,669.12,3259000.00,-10500.00,2336.35
RELIANCE,11-Apr-2023,27-Apr-2023,CE,2420.00,14.80,16.25,13.00,14.65,14.65,14.65,3858.00,23480.28,139.38,603750.00,-14750.00,2336.35
RELIANCE,11-Apr-2023,27-Apr-2023,CE,2440.00,11.10,12.00,9.60,10.80,10.75,10.80,4805.00,29438.53,128.03,877500.00,117500.00,2336.35
RELIANCE,11-Apr-2023,27-Apr-2023,CE,2460.00,8.55,9.00,7.25,8.05,8.00,8.05,2323.00,14332.55,46.10,597000.00,-14000.00,2336.35
RELIANCE,11-Apr-2023,27-Apr-2023,CE,2480.00,6.70,6.85,5.55,6.15,6.20,6.15,1843.00,11454.58,27.98,302250.00,19750.00,2336.35
RELIANCE,11-Apr-2023,27-Apr-2023,CE,2500.00,5.00,5.40,4.35,4.85,4.90,4.85,4245.00,26582.22,50.97,2930500.00,97000.00,2336.35
RELIANCE,11-Apr-2023,27-Apr-2023,CE,2520.00,3.95,4.05,3.35,3.60,3.65,3.60,1495.00,9431.93,13.43,247500.00,45000.00,2336.35
RELIANCE,11-Apr-2023,27-Apr-2023,CE,2540.00,3.05,3.15,2.55,2.70,2.70,2.70,1381.00,8778.99,9.64,207750.00,25250.00,2336.35
RELIANCE,11-Apr-2023,27-Apr-2023,CE,2560.00,2.50,2.50,2.05,2.15,2.05,2.15,487.00,3119.45,2.65,161250.00,21000.00,2336.35
RELIANCE,11-Apr-2023,27-Apr-2023,CE,2580.00,2.10,2.10,1.70,1.80,1.75,1.80,129.00,832.64,0.59,47500.00,-14750.00,2336.35
RELIANCE,11-Apr-2023,27-Apr-2023,CE,2600.00,1.75,1.75,1.40,1.45,1.45,1.45,1410.00,9170.24,5.24,1285750.00,-40000.00,2336.35
RELIANCE,11-Apr-2023,27-Apr-2023,CE,2620.00,1.40,1.40,1.25,1.30,1.30,1.30,32.00,209.71,0.11,23500.00,-250.00,2336.35
RELIANCE,11-Apr-2023,27-Apr-2023,CE,2640.00,0.95,1.10,0.85,0.95,0.95,1.90,38.00,250.89,0.09,70500.00,-250.00,2336.35
RELIANCE,11-Apr-2023,27-Apr-2023,CE,2660.00,0.85,1.00,0.85,0.95,0.95,1.40,10.00,66.52,0.02,23750.00,500.00,2336.35
RELIANCE,11-Apr-2023,27-Apr-2023,CE,2680.00,1.00,1.00,0.85,0.90,0.90,1.05,12.00,80.43,0.03,19000.00,-,2336.35
RELIANCE,11-Apr-2023,27-Apr-2023,CE,2700.00,0.90,0.90,0.65,0.80,0.80,0.80,1302.00,8791.05,2.55,675500.00,27000.00,2336.35
RELIANCE,11-Apr-2023,27-Apr-2023,CE,2720.00,0.65,0.75,0.65,0.75,0.75,0.55,4.00,27.21,0.01,8250.00,-,2336.35
RELIANCE,11-Apr-2023,27-Apr-2023,CE,2740.00,0.50,0.75,0.50,0.50,0.50,0.40,5.00,34.26,0.01,16250.00,-500.00,2336.35
RELIANCE,11-Apr-2023,27-Apr-2023,CE,2760.00,0.45,0.45,0.45,0.45,0.45,0.30,1.00,6.90,-,2500.00,-250.00,2336.35
RELIANCE,11-Apr-2023,27-Apr-2023,CE,2780.00,0.55,0.55,0.40,0.40,0.40,0.20,7.00,48.66,0.01,10000.00,-1500.00,2336.35
RELIANCE,11-Apr-2023,27-Apr-2023,CE,2800.00,0.55,0.55,0.40,0.45,0.40,0.45,91.00,637.10,0.10,228500.00,-750.00,2336.35
RELIANCE,11-Apr-2023,27-Apr-2023,CE,2820.00,-,-,-,0.45,0.45,0.10,-,-,-,2750.00,-,2336.35
RELIANCE,11-Apr-2023,27-Apr-2023,CE,2840.00,0.35,0.50,0.35,0.50,0.50,0.10,22.00,156.22,0.02,28000.00,2750.00,2336.35
RELIANCE,12-Apr-2023,27-Apr-2023,CE,1800.00,-,-,-,617.10,-,551.90,-,-,-,-,-,2346.65
RELIANCE,12-Apr-2023,27-Apr-2023,CE,1820.00,-,-,-,598.15,-,531.95,-,-,-,-,-,2346.65
RELIANCE,12-Apr-2023,27-Apr-2023,CE,1840.00,-,-,-,579.35,-,512.00,-,-,-,-,-,2346.65
RELIANCE,12-Apr-2023,27-Apr-2023,CE,1860.00,-,-,-,560.70,-,492.05,-,-,-,-,-,2346.65
RELIANCE,12-Apr-2023,27-Apr-2023,CE,1880.00,-,-,-,542.15,-,472.15,-,-,-,-,-,2346.65
RELIANCE,12-Apr-2023,27-Apr-2023,CE,1900.00,-,-,-,455.40,455.40,452.20,-,-,-,1000.00,-,2346.65
RELIANCE,12-Apr-2023,27-Apr-2023,CE,1920.00,-,-,-,505.60,-,432.25,-,-,-,-,-,2346.65
RELIANCE,12-Apr-2023,27-Apr-2023,CE,1940.00,-,-,-,487.60,-,412.35,-,-,-,-,-,2346.65
RELIANCE,12-Apr-2023,27-Apr-2023,CE,1960.00,-,-,-,469.80,-,392.40,-,-,-,-,-,2346.65
RELIANCE,12-Apr-2023,27-Apr-2023,CE,1980.00,-,-,-,353.90,353.90,372.50,-,-,-,250.00,-,2346.65
RELIANCE,12-Apr-2023,27-Apr-2023,CE,2000.00,354.95,369.95,353.50,353.50,353.50,352.65,8.00,47.17,7.17,89750.00,-250.00,2346.65
RELIANCE,12-Apr-2023,27-Apr-2023,CE,2020.00,-,-,-,345.00,345.00,332.80,-,-,-,500.00,-,2346.65
RELIANCE,12-Apr-2023,27-Apr-2023,CE,2040.00,-,-,-,311.75,311.75,313.05,-,-,-,3750.00,-,2346.65
RELIANCE,12-Apr-2023,27-Apr-2023,CE,2060.00,-,-,-,250.00,250.00,293.40,-,-,-,500.00,-,2346.65
RELIANCE,12-Apr-2023,27-Apr-2023,CE,2080.00,-,-,-,209.55,209.55,273.85,-,-,-,500.00,-,2346.65
RELIANCE,12-Apr-2023,27-Apr-2023,CE,2100.00,260.00,274.00,254.00,254.00,254.00,254.00,76.00,449.68,50.68,54500.00,-17000.00,2346.65
RELIANCE,12-Apr-2023,27-Apr-2023,CE,2120.00,-,-,-,221.75,221.75,235.35,-,-,-,250.00,-,2346.65
RELIANCE,12-Apr-2023,27-Apr-2023,CE,2140.00,-,-,-,199.90,199.90,216.50,-,-,-,19750.00,-,2346.65
RELIANCE,12-Apr-2023,27-Apr-2023,CE,2160.00,199.00,199.00,193.60,193.60,193.60,198.10,15.00,88.37,7.37,35750.00,-250.00,2346.65
RELIANCE,12-Apr-2023,27-Apr-2023,CE,2180.00,175.40,175.40,173.00,173.00,173.00,180.10,2.00,11.77,0.87,46750.00,-250.00,2346.65
RELIANCE,12-Apr-2023,27-Apr-2023,CE,2200.00,148.20,181.50,147.80,157.80,157.00,157.80,369.00,2182.91,153.41,373500.00,10750.00,2346.65
RELIANCE,12-Apr-2023,27-Apr-2023,CE,2220.00,139.00,161.00,137.75,139.15,139.80,139.15,49.00,290.17,18.22,52750.00,-1750.00,2346.65
RELIANCE,12-Apr-2023,27-Apr-2023,CE,2240.00,112.00,143.00,110.15,121.80,121.90,121.80,245.00,1450.17,78.17,162750.00,-26500.00,2346.65
RELIANCE,12-Apr-2023,27-Apr-2023,CE,2260.00,94.00,125.00,93.25,104.00,102.60,104.00,522.00,3094.34,145.04,276250.00,-20750.00,2346.65
RELIANCE,12-Apr-2023,27-Apr-2023,CE,2280.00,79.80,107.45,77.85,87.10,86.00,87.10,581.00,3446.04,134.34,225750.00,-3750.00,2346.65
RELIANCE,12-Apr-2023,27-Apr-2023,CE,2300.00,66.10,91.25,64.00,72.15,71.45,72.15,8801.00,52341.96,1736.21,1349500.00,-144500.00,2346.65
RELIANCE,12-Apr-2023,27-Apr-2023,CE,2320.00,54.90,76.00,51.30,58.50,58.00,58.50,6092.00,36299.88,966.28,570500.00,-23250.00,2346.65
RELIANCE,12-Apr-2023,27-Apr-2023,CE,2340.00,44.05,62.40,40.40,46.75,45.80,46.75,17857.00,106769.52,2306.07,1263250.00,-109750.00,2346.65
RELIANCE,12-Apr-2023,27-Apr-2023,CE,2360.00,34.85,50.70,30.85,36.25,35.50,36.25,27138.00,162951.77,2837.57,1734000.00,501750.00,2346.65
RELIANCE,12-Apr-2023,27-Apr-2023,CE,2380.00,26.35,40.15,23.05,27.35,26.70,27.35,12216.00,73665.04,979.84,845000.00,67500.00,2346.65
RELIANCE,12-Apr-2023,27-Apr-2023,CE,2400.00,20.00,31.25,17.00,20.10,19.65,20.10,44956.00,272506.80,2770.80,3895000.00,636000.00,2346.65
RELIANCE,12-Apr-2023,27-Apr-2023,CE,2420.00,14.90,23.70,12.35,14.70,14.50,14.70,7387.00,45023.32,331.97,670250.00,66500.00,2346.65
RELIANCE,12-Apr-2023,27-Apr-2023,CE,2440.00,11.05,17.80,8.85,10.75,10.50,10.75,7609.00,46670.53,255.63,911500.00,34000.00,2346.65
RELIANCE,12-Apr-2023,27-Apr-2023,CE,2460.00,8.15,13.35,6.60,8.05,7.90,8.05,5038.00,31107.14,123.44,640750.00,43750.00,2346.65
RELIANCE,12-Apr-2023,27-Apr-2023,CE,2480.00,6.05,10.00,5.00,6.20,6.15,6.20,2852.00,17734.58,52.18,373500.00,71250.00,2346.65
RELIANCE,12-Apr-2023,27-Apr-2023,CE,2500.00,4.60,7.75,3.90,4.90,4.80,4.90,9032.00,56581.81,131.81,3031500.00,101000.00,2346.65
RELIANCE,12-Apr-2023,27-Apr-2023,CE,2520.00,3.30,5.65,2.85,3.55,3.55,3.55,1678.00,10588.21,16.81,288750.00,41250.00,2346.65
RELIANCE,12-Apr-2023,27-Apr-2023,CE,2540.00,2.35,4.15,2.15,2.65,2.60,2.65,1580.00,10045.10,12.10,268500.00,60750.00,2346.65
RELIANCE,12-Apr-2023,27-Apr-2023,CE,2560.00,2.00,3.10,1.70,2.10,2.05,2.10,1161.00,7437.35,6.95,195000.00,33750.00,2346.65
RELIANCE,12-Apr-2023,27-Apr-2023,CE,2580.00,1.55,2.45,1.40,1.70,1.80,1.70,473.00,3053.16,2.31,42750.00,-4750.00,2346.65
RELIANCE,12-Apr-2023,27-Apr-2023,CE,2600.00,1.40,1.95,1.20,1.40,1.45,1.40,2071.00,13469.63,8.13,1262250.00,-23500.00,2346.65
RELIANCE,12-Apr-2023,27-Apr-2023,CE,2620.00,1.25,1.55,1.10,1.15,1.15,1.15,97.00,635.64,0.29,25500.00,2000.00,2346.65
RELIANCE,12-Apr-2023,27-Apr-2023,CE,2640.00,1.00,1.05,0.80,0.90,0.85,0.90,25.00,165.06,0.06,69750.00,-750.00,2346.65
RELIANCE,12-Apr-2023,27-Apr-2023,CE,2660.00,1.40,1.65,0.75,0.90,0.90,0.90,11.00,73.18,0.03,24250.00,500.00,2346.65
RELIANCE,12-Apr-2023,27-Apr-2023,CE,2680.00,0.95,0.95,0.85,0.95,0.95,1.00,10.00,67.02,0.02,19750.00,750.00,2346.65
RELIANCE,12-Apr-2023,27-Apr-2023,CE,2700.00,0.80,0.95,0.65,0.80,0.80,0.80,1059.00,7150.33,2.08,671250.00,-4250.00,2346.65
RELIANCE,12-Apr-2023,27-Apr-2023,CE,2720.00,0.55,0.70,0.55,0.70,0.70,0.50,3.00,20.40,-,8250.00,-,2346.65
RELIANCE,12-Apr-2023,27-Apr-2023,CE,2740.00,0.50,0.80,0.50,0.80,0.80,0.35,4.00,27.41,0.01,15750.00,-500.00,2346.65
RELIANCE,12-Apr-2023,27-Apr-2023,CE,2760.00,-,-,-,0.45,0.45,0.25,-,-,-,2500.00,-,2346.65
RELIANCE,12-Apr-2023,27-Apr-2023,CE,2780.00,-,-,-,0.40,0.40,0.20,-,-,-,10000.00,-,2346.65
RELIANCE,12-Apr-2023,27-Apr-2023,CE,2800.00,0.50,0.60,0.40,0.55,0.60,0.55,213.00,1491.27,0.27,233000.00,4500.00,2346.65
RELIANCE,12-Apr-2023,27-Apr-2023,CE,2820.00,-,-,-,0.45,0.45,0.10,-,-,-,2750.00,-,2346.65
RELIANCE,12-Apr-2023,27-Apr-2023,CE,2840.00,0.25,1.00,0.25,0.80,0.80,0.05,11.00,78.12,0.02,28250.00,250.00,2346.65
RELIANCE,13-Apr-2023,27-Apr-2023,CE,1800.00,-,-,-,617.10,-,560.40,-,-,-,-,-,2586.85
RELIANCE,13-Apr-2023,27-Apr-2023,CE,1820.00,-,-,-,598.15,-,540.45,-,-,-,-,-,2586.85
RELIANCE,13-Apr-2023,27-Apr-2023,CE,1840.00,-,-,-,579.35,-,520.50,-,-,-,-,-,2586.85
RELIANCE,13-Apr-2023,27-Apr-2023,CE,1860.00,-,-,-,560.70,-,500.55,-,-,-,-,-,2586.85
RELIANCE,13-Apr-2023,27-Apr-2023,CE,1880.00,-,-,-,542.15,-,480.60,-,-,-,-,-,2586.85
RELIANCE,13-Apr-2023,27-Apr-2023,CE,1900.00,449.00,471.45,449.00,471.45,471.45,471.45,27.00,158.63,30.38,6250.00,5250.00,2586.85
RELIANCE,13-Apr-2023,27-Apr-2023,CE,1920.00,-,-,-,505.60,-,440.70,-,-,-,-,-,2586.85
RELIANCE,13-Apr-2023,27-Apr-2023,CE,1940.00,-,-,-,487.60,-,420.80,-,-,-,-,-,2586.85
RELIANCE,13-Apr-2023,27-Apr-2023,CE,1960.00,-,-,-,469.80,-,400.85,-,-,-,-,-,2586.85
RELIANCE,13-Apr-2023,27-Apr-2023,CE,1980.00,-,-,-,353.90,353.90,380.95,-,-,-,250.00,-,2586.85
RELIANCE,13-Apr-2023,27-Apr-2023,CE,2000.00,359.00,368.05,354.00,361.00,360.00,361.00,14.00,82.63,12.63,88250.00,-1500.00,2586.85
RELIANCE,13-Apr-2023,27-Apr-2023,CE,2020.00,-,-,-,345.00,345.00,341.15,-,-,-,500.00,-,2586.85
RELIANCE,13-Apr-2023,27-Apr-2023,CE,2040.00,-,-,-,311.75,311.75,321.30,-,-,-,3750.00,-,2586.85
RELIANCE,13-Apr-2023,27-Apr-2023,CE,2060.00,-,-,-,250.00,250.00,301.55,-,-,-,500.00,-,2586.85
RELIANCE,13-Apr-2023,27-Apr-2023,CE,2080.00,-,-,-,209.55,209.55,281.90,-,-,-,500.00,-,2586.85
RELIANCE,13-Apr-2023,27-Apr-2023,CE,2100.00,255.00,266.00,254.00,254.00,254.00,262.35,10.00,58.98,6.48,53000.00,-1500.00,2586.85
RELIANCE,13-Apr-2023,27-Apr-2023,CE,2120.00,241.80,241.80,240.45,240.45,240.45,243.05,2.00,11.81,1.21,250.00,-,2586.85
RELIANCE,13-Apr-2023,27-Apr-2023,CE,2140.00,222.30,222.30,219.95,219.95,219.95,223.95,2.00,11.81,1.11,19750.00,-,2586.85
RELIANCE,13-Apr-2023,27-Apr-2023,CE,2160.00,196.05,204.00,193.05,202.50,204.00,202.50,15.00,88.34,7.34,36750.00,1000.00,2586.85
RELIANCE,13-Apr-2023,27-Apr-2023,CE,2180.00,177.00,177.00,177.00,177.00,177.00,186.90,2.00,11.79,0.89,46250.00,-500.00,2586.85
RELIANCE,13-Apr-2023,27-Apr-2023,CE,2200.00,161.80,172.00,153.95,162.50,164.00,162.50,234.00,1382.01,95.01,360000.00,-13500.00,2586.85
RELIANCE,13-Apr-2023,27-Apr-2023,CE,2220.00,149.25,152.35,137.30,144.40,142.75,144.40,25.00,147.68,8.93,51250.00,-1500.00,2586.85
RELIANCE,13-Apr-2023,27-Apr-2023,CE,2240.00,125.00,133.40,115.35,125.35,125.40,125.35,143.00,845.04,44.24,161500.00,-1250.00,2586.85
RELIANCE,13-Apr-2023,27-Apr-2023,CE,2260.00,108.50,115.60,97.35,107.50,107.15,107.50,241.00,1427.24,65.59,258000.00,-18250.00,2586.85
RELIANCE,13-Apr-2023,27-Apr-2023,CE,2280.00,85.55,98.60,80.30,90.00,90.50,90.00,538.00,3185.88,119.28,227500.00,1750.00,2586.85
RELIANCE,13-Apr-2023,27-Apr-2023,CE,2300.00,73.60,82.60,65.70,74.70,75.00,74.70,4966.00,29474.32,919.82,1318000.00,-31500.00,2586.85
RELIANCE,13-Apr-2023,27-Apr-2023,CE,2320.00,60.75,67.60,52.60,60.15,60.80,60.15,4648.00,27646.74,688.34,613500.00,43000.00,2586.85
RELIANCE,13-Apr-2023,27-Apr-2023,CE,2340.00,47.00,54.65,41.05,47.95,48.00,47.95,10807.00,64508.01,1287.06,1103750.00,-159500.00,2586.85
RELIANCE,13-Apr-2023,27-Apr-2023,CE,2360.00,36.30,43.20,31.25,37.05,37.10,37.05,16796.00,100664.92,1568.52,1770000.00,36000.00,2586.85
RELIANCE,13-Apr-2023,27-Apr-2023,CE,2380.00,27.05,33.10,22.90,27.70,27.85,27.70,9728.00,58559.38,677.78,875250.00,30250.00,2586.85
RELIANCE,13-Apr-2023,27-Apr-2023,CE,2400.00,20.10,24.70,16.50,20.20,20.30,20.20,22417.00,135641.32,1139.32,4067750.00,172750.00,2586.85
RELIANCE,13-Apr-2023,27-Apr-2023,CE,2420.00,15.45,18.30,11.95,14.60,14.55,14.60,5141.00,31292.85,189.80,683000.00,12750.00,2586.85
RELIANCE,13-Apr-2023,27-Apr-2023,CE,2440.00,11.55,13.35,8.60,10.45,10.45,10.45,4989.00,30566.75,133.85,906000.00,-5500.00,2586.85
RELIANCE,13-Apr-2023,27-Apr-2023,CE,2460.00,8.65,9.85,6.20,7.65,7.75,7.65,3164.00,19519.79,61.19,685500.00,44750.00,2586.85
RELIANCE,13-Apr-2023,27-Apr-2023,CE,2480.00,6.55,7.45,4.80,5.75,5.65,5.75,2375.00,14760.26,35.26,338500.00,-35000.00,2586.85
RELIANCE,13-Apr-2023,27-Apr-2023,CE,2500.00,4.95,5.70,3.75,4.50,4.35,4.50,6786.00,42490.11,77.61,3140750.00,109250.00,2586.85
RELIANCE,13-Apr-2023,27-Apr-2023,CE,2520.00,3.65,4.05,2.75,3.15,3.10,3.15,1533.00,9670.23,12.33,367750.00,79000.00,2586.85
RELIANCE,13-Apr-2023,27-Apr-2023,CE,2540.00,2.80,2.90,2.10,2.35,2.20,2.35,1418.00,9012.69,8.39,260500.00,-8000.00,2586.85
RELIANCE,13-Apr-2023,27-Apr-2023,CE,2560.00,2.25,2.25,1.65,1.80,1.75,1.80,1020.00,6533.01,5.01,255750.00,60750.00,2586.85
RELIANCE,13-Apr-2023,27-Apr-2023,CE,2580.00,1.85,1.85,1.25,1.30,1.25,1.30,116.00,748.61,0.41,53000.00,10250.00,2586.85
RELIANCE,13-Apr-2023,27-Apr-2023,CE,2600.00,1.50,1.50,1.00,1.10,1.05,1.10,1639.00,10658.37,4.87,1190750.00,-71500.00,2586.85
RELIANCE,13-Apr-2023,27-Apr-2023,CE,2620.00,1.05,1.10,0.90,0.95,0.90,0.95,48.00,314.52,0.12,25500.00,-,2586.85
RELIANCE,13-Apr-2023,27-Apr-2023,CE,2640.00,0.85,0.90,0.65,0.65,0.65,0.65,39.00,257.48,0.08,69500.00,-250.00,2586.85
RELIANCE,13-Apr-2023,27-Apr-2023,CE,2660.00,0.90,0.90,0.70,0.70,0.70,1.25,20.00,133.04,0.04,25500.00,1250.00,2586.85
RELIANCE,13-Apr-2023,27-Apr-2023,CE,2680.00,0.95,0.95,0.65,0.65,0.65,0.90,22.00,147.44,0.04,19250.00,-500.00,2586.85
RELIANCE,13-Apr-2023,27-Apr-2023,CE,2700.00,0.60,0.85,0.50,0.55,0.55,0.55,1581.00,10674.15,2.40,592750.00,-78500.00,2586.85
RELIANCE,13-Apr-2023,27-Apr-2023,CE,2720.00,-,-,-,0.70,0.70,0.45,-,-,-,8250.00,-,2586.85
RELIANCE,13-Apr-2023,27-Apr-2023,CE,2740.00,0.85,0.85,0.50,0.50,0.50,0.30,12.00,82.22,0.02,17000.00,1250.00,2586.85
RELIANCE,13-Apr-2023,27-Apr-2023,CE,2760.00,0.25,1.40,0.25,1.40,1.40,0.20,2.00,13.80,-,2500.00,-,2586.85
RELIANCE,13-Apr-2023,27-Apr-2023,CE,2780.00,-,-,-,0.40,0.40,0.15,-,-,-,10000.00,-,2586.85
RELIANCE,13-Apr-2023,27-Apr-2023,CE,2800.00,0.60,0.75,0.45,0.65,0.45,0.65,439.00,3073.66,0.66,260750.00,27750.00,2586.85
RELIANCE,13-Apr-2023,27-Apr-2023,CE,2820.00,0.40,0.40,0.40,0.40,0.40,0.40,1.00,7.05,-,3000.00,250.00,2586.85
RELIANCE,13-Apr-2023,27-Apr-2023,CE,2840.00,0.30,0.85,0.25,0.55,0.50,0.55,85.00,603.61,0.11,28250.00,-,2586.85
RELIANCE,17-Apr-2023,27-Apr-2023,CE,1800.00,-,-,-,617.10,-,570.95,-,-,-,-,-,2367.45
RELIANCE,17-Apr-2023,27-Apr-2023,CE,1820.00,-,-,-,598.15,-,551.00,-,-,-,-,-,2367.45
RELIANCE,17-Apr-2023,27-Apr-2023,CE,1840.00,-,-,-,579.35,-,531.05,-,-,-,-,-,2367.45
RELIANCE,17-Apr-2023,27-Apr-2023,CE,1860.00,-,-,-,560.70,-,511.05,-,-,-,-,-,2367.45
RELIANCE,17-Apr-2023,27-Apr-2023,CE,1880.00,-,-,-,542.15,-,491.10,-,-,-,-,-,2367.45
RELIANCE,17-Apr-2023,27-Apr-2023,CE,1900.00,464.00,464.00,464.00,464.00,464.00,471.15,1.00,5.91,1.16,6000.00,-250.00,2367.45
RELIANCE,17-Apr-2023,27-Apr-2023,CE,1920.00,-,-,-,505.60,-,451.20,-,-,-,-,-,2367.45
RELIANCE,17-Apr-2023,27-Apr-2023,CE,1940.00,-,-,-,487.60,-,431.20,-,-,-,-,-,2367.45
RELIANCE,17-Apr-2023,27-Apr-2023,CE,1960.00,-,-,-,469.80,-,411.25,-,-,-,-,-,2367.45
RELIANCE,17-Apr-2023,27-Apr-2023,CE,1980.00,-,-,-,353.90,353.90,391.30,-,-,-,250.00,-,2367.45
RELIANCE,17-Apr-2023,27-Apr-2023,CE,2000.00,374.80,376.00,374.80,376.00,376.00,371.35,5.00,29.69,4.69,88000.00,-250.00,2367.45
RELIANCE,17-Apr-2023,27-Apr-2023,CE,2020.00,350.00,350.00,350.00,350.00,350.00,351.40,1.00,5.92,0.88,250.00,-250.00,2367.45
RELIANCE,17-Apr-2023,27-Apr-2023,CE,2040.00,-,-,-,311.75,311.75,331.45,-,-,-,3750.00,-,2367.45
RELIANCE,17-Apr-2023,27-Apr-2023,CE,2060.00,-,-,-,250.00,250.00,311.55,-,-,-,500.00,-,2367.45
RELIANCE,17-Apr-2023,27-Apr-2023,CE,2080.00,-,-,-,209.55,209.55,291.65,-,-,-,500.00,-,2367.45
RELIANCE,17-Apr-2023,27-Apr-2023,CE,2100.00,277.75,277.75,263.35,272.30,272.35,272.30,17.00,100.78,11.53,51250.00,-1750.00,2367.45
RELIANCE,17-Apr-2023,27-Apr-2023,CE,2120.00,-,-,-,240.45,240.45,252.05,-,-,-,250.00,-,2367.45
RELIANCE,17-Apr-2023,27-Apr-2023,CE,2140.00,-,-,-,219.95,219.95,232.40,-,-,-,19750.00,-,2367.45
RELIANCE,17-Apr-2023,27-Apr-2023,CE,2160.00,203.00,219.30,203.00,210.10,210.10,213.00,6.00,35.61,3.21,36500.00,-250.00,2367.45
RELIANCE,17-Apr-2023,27-Apr-2023,CE,2180.00,186.30,189.50,186.30,189.50,189.50,193.80,4.00,23.69,1.89,46000.00,-250.00,2367.45
RELIANCE,17-Apr-2023,27-Apr-2023,CE,2200.00,190.00,190.00,159.00,174.35,174.35,174.35,337.00,1997.81,144.31,350750.00,-9250.00,2367.45
RELIANCE,17-Apr-2023,27-Apr-2023,CE,2220.00,154.80,161.00,141.00,159.70,159.70,156.70,21.00,124.52,7.97,50500.00,-750.00,2367.45
RELIANCE,17-Apr-2023,27-Apr-2023,CE,2240.00,135.00,141.00,121.00,136.25,136.50,136.25,179.00,1061.47,59.07,149250.00,-12250.00,2367.45
RELIANCE,17-Apr-2023,27-Apr-2023,CE,2260.00,137.50,137.50,104.10,116.70,115.90,116.70,224.00,1330.45,64.85,239500.00,-18500.00,2367.45
RELIANCE,17-Apr-2023,27-Apr-2023,CE,2280.00,95.95,104.40,87.65,98.90,99.30,98.90,474.00,2817.74,115.94,218250.00,-9250.00,2367.45
RELIANCE,17-Apr-2023,27-Apr-2023,CE,2300.00,88.60,110.00,71.90,81.30,80.40,81.30,5393.00,32111.81,1102.06,1056750.00,-261250.00,2367.45
RELIANCE,17-Apr-2023,27-Apr-2023,CE,2320.00,74.80,94.95,57.75,66.30,65.00,66.30,2610.00,15568.00,430.00,492250.00,-121250.00,2367.45
RELIANCE,17-Apr-2023,27-Apr-2023,CE,2340.00,71.00,79.95,45.70,52.75,52.00,52.75,11348.00,67875.71,1489.91,845500.00,-258250.00,2367.45
RELIANCE,17-Apr-2023,27-Apr-2023,CE,2360.00,65.00,74.60,35.65,41.20,40.05,41.20,19778.00,118723.41,2033.21,1686250.00,-83750.00,2367.45
RELIANCE,17-Apr-2023,27-Apr-2023,CE,2380.00,43.60,46.70,26.90,30.80,30.20,30.80,12505.00,75370.55,965.80,994000.00,118750.00,2367.45
RELIANCE,17-Apr-2023,27-Apr-2023,CE,2400.00,42.00,42.00,19.75,22.10,21.95,22.10,32715.00,198128.56,1838.56,4354500.00,286750.00,2367.45
RELIANCE,17-Apr-2023,27-Apr-2023,CE,2420.00,25.10,27.00,14.40,15.70,15.55,15.70,8738.00,53217.53,352.63,744500.00,61500.00,2367.45
RELIANCE,17-Apr-2023,27-Apr-2023,CE,2440.00,18.00,18.00,10.30,11.20,11.10,11.20,7093.00,43472.28,204.98,902500.00,-3500.00,2367.45
RELIANCE,17-Apr-2023,27-Apr-2023,CE,2460.00,14.55,17.05,7.45,8.10,8.15,8.10,5305.00,32738.21,112.46,779750.00,94250.00,2367.45
RELIANCE,17-Apr-2023,27-Apr-2023,CE,2480.00,7.65,12.75,5.60,6.25,6.35,6.25,3349.00,20817.30,53.50,365250.00,26750.00,2367.45
RELIANCE,17-Apr-2023,27-Apr-2023,CE,2500.00,6.45,7.05,4.30,4.95,5.15,4.95,8234.00,51564.94,102.44,3086500.00,-54250.00,2367.45
RELIANCE,17-Apr-2023,27-Apr-2023,CE,2520.00,4.05,5.05,3.20,3.60,3.75,3.60,2128.00,13425.77,19.37,364750.00,-3000.00,2367.45
RELIANCE,17-Apr-2023,27-Apr-2023,CE,2540.00,2.80,3.40,2.35,2.75,2.80,2.75,1590.00,10107.27,10.77,241250.00,-19250.00,2367.45
RELIANCE,17-Apr-2023,27-Apr-2023,CE,2560.00,2.25,2.45,1.75,2.20,2.25,2.20,1651.00,10575.25,8.85,287500.00,31750.00,2367.45
RELIANCE,17-Apr-2023,27-Apr-2023,CE,2580.00,1.55,1.80,1.25,1.60,1.60,1.60,251.00,1619.96,1.01,61000.00,8000.00,2367.45
RELIANCE,17-Apr-2023,27-Apr-2023,CE,2600.00,2.05,2.05,1.05,1.30,1.40,1.30,1598.00,10392.16,5.16,1198000.00,7250.00,2367.45
RELIANCE,17-Apr-2023,27-Apr-2023,CE,2620.00,0.90,1.15,0.90,1.00,1.00,1.10,33.00,216.24,0.09,22000.00,-3500.00,2367.45
RELIANCE,17-Apr-2023,27-Apr-2023,CE,2640.00,0.50,0.85,0.50,0.80,0.85,0.80,90.00,594.17,0.17,62500.00,-7000.00,2367.45
RELIANCE,17-Apr-2023,27-Apr-2023,CE,2660.00,1.30,1.30,0.55,0.85,0.85,0.85,55.00,365.86,0.11,24250.00,-1250.00,2367.45
RELIANCE,17-Apr-2023,27-Apr-2023,CE,2680.00,0.65,0.80,0.40,0.65,0.65,0.30,54.00,361.88,0.08,24500.00,5250.00,2367.45
RELIANCE,17-Apr-2023,27-Apr-2023,CE,2700.00,0.70,0.70,0.50,0.60,0.55,0.60,1189.00,8027.47,1.72,561500.00,-31250.00,2367.45
RELIANCE,17-Apr-2023,27-Apr-2023,CE,2720.00,-,-,-,0.70,0.70,0.15,-,-,-,8250.00,-,2367.45
RELIANCE,17-Apr-2023,27-Apr-2023,CE,2740.00,0.40,0.50,0.40,0.50,0.50,0.10,6.00,41.11,0.01,16000.00,-1000.00,2367.45
RELIANCE,17-Apr-2023,27-Apr-2023,CE,2760.00,1.20,1.20,0.55,0.55,0.55,0.05,5.00,34.51,0.01,3000.00,500.00,2367.45
RELIANCE,17-Apr-2023,27-Apr-2023,CE,2780.00,0.40,0.55,0.30,0.30,0.30,0.05,8.00,55.61,0.01,9500.00,-500.00,2367.45
RELIANCE,17-Apr-2023,27-Apr-2023,CE,2800.00,0.65,0.70,0.40,0.50,0.45,0.50,112.00,784.15,0.15,257500.00,-3250.00,2367.45
RELIANCE,17-Apr-2023,27-Apr-2023,CE,2820.00,0.20,0.20,0.20,0.20,0.20,0.05,1.00,7.05,-,3000.00,-,2367.45
RELIANCE,17-Apr-2023,27-Apr-2023,CE,2840.00,0.50,0.50,0.50,0.50,0.50,-,5.00,35.51,0.01,29000.00,750.00,2367.45
RELIANCE,18-Apr-2023,27-Apr-2023,CE,1800.00,-,-,-,617.10,-,543.50,-,-,-,-,-,2340.35
RELIANCE,18-Apr-2023,27-Apr-2023,CE,1820.00,-,-,-,598.15,-,523.55,-,-,-,-,-,2340.35
RELIANCE,18-Apr-2023,27-Apr-2023,CE,1840.00,-,-,-,579.35,-,503.55,-,-,-,-,-,2340.35
RELIANCE,18-Apr-2023,27-Apr-2023,CE,1860.00,-,-,-,560.70,-,483.60,-,-,-,-,-,2340.35
RELIANCE,18-Apr-2023,27-Apr-2023,CE,1880.00,-,-,-,542.15,-,463.65,-,-,-,-,-,2340.35
RELIANCE,18-Apr-2023,27-Apr-2023,CE,1900.00,-,-,-,464.00,464.00,443.70,-,-,-,6000.00,-,2340.35
RELIANCE,18-Apr-2023,27-Apr-2023,CE,1920.00,-,-,-,505.60,-,423.70,-,-,-,-,-,2340.35
RELIANCE,18-Apr-2023,27-Apr-2023,CE,1940.00,-,-,-,487.60,-,403.75,-,-,-,-,-,2340.35
RELIANCE,18-Apr-2023,27-Apr-2023,CE,1960.00,-,-,-,469.80,-,383.80,-,-,-,-,-,2340.35
RELIANCE,18-Apr-2023,27-Apr-2023,CE,1980.00,-,-,-,353.90,353.90,363.80,-,-,-,250.00,-,2340.35
RELIANCE,18-Apr-2023,27-Apr-2023,CE,2000.00,342.00,342.00,330.00,339.05,339.05,343.85,5.00,29.21,4.21,87750.00,-250.00,2340.35
RELIANCE,18-Apr-2023,27-Apr-2023,CE,2020.00,-,-,-,350.00,350.00,323.90,-,-,-,250.00,-,2340.35
RELIANCE,18-Apr-2023,27-Apr-2023,CE,2040.00,-,-,-,311.75,311.75,303.95,-,-,-,3750.00,-,2340.35
RELIANCE,18-Apr-2023,27-Apr-2023,CE,2060.00,-,-,-,250.00,250.00,284.05,-,-,-,500.00,-,2340.35
RELIANCE,18-Apr-2023,27-Apr-2023,CE,2080.00,270.95,270.95,251.95,260.90,260.90,264.20,3.00,17.56,1.96,1000.00,500.00,2340.35
RELIANCE,18-Apr-2023,27-Apr-2023,CE,2100.00,263.85,263.85,232.50,235.25,235.25,244.40,10.00,58.79,6.29,52000.00,750.00,2340.35
RELIANCE,18-Apr-2023,27-Apr-2023,CE,2120.00,-,-,-,240.45,240.45,224.70,-,-,-,250.00,-,2340.35
RELIANCE,18-Apr-2023,27-Apr-2023,CE,2140.00,198.50,198.50,195.00,198.50,198.50,205.20,12.00,70.14,5.94,21000.00,1250.00,2340.35
RELIANCE,18-Apr-2023,27-Apr-2023,CE,2160.00,185.15,185.15,173.95,175.50,175.50,185.95,7.00,40.89,3.09,36000.00,-500.00,2340.35
RELIANCE,18-Apr-2023,27-Apr-2023,CE,2180.00,196.00,196.00,152.70,160.20,160.20,167.05,6.00,35.21,2.51,45250.00,-750.00,2340.35
RELIANCE,18-Apr-2023,27-Apr-2023,CE,2200.00,177.00,177.00,134.10,145.50,145.15,145.50,968.00,5667.38,343.38,253000.00,-97750.00,2340.35
RELIANCE,18-Apr-2023,27-Apr-2023,CE,2220.00,146.00,146.00,114.75,120.90,120.90,130.95,31.00,181.49,9.44,49000.00,-1500.00,2340.35
RELIANCE,18-Apr-2023,27-Apr-2023,CE,2240.00,132.00,132.00,97.90,108.00,108.00,108.00,162.00,950.10,42.90,140500.00,-8750.00,2340.35
RELIANCE,18-Apr-2023,27-Apr-2023,CE,2260.00,107.50,110.80,81.60,91.35,91.00,91.35,417.00,2451.86,95.81,210000.00,-29500.00,2340.35
RELIANCE,18-Apr-2023,27-Apr-2023,CE,2280.00,101.10,101.10,66.85,74.45,74.00,74.45,439.00,2583.40,81.10,215500.00,-2750.00,2340.35
RELIANCE,18-Apr-2023,27-Apr-2023,CE,2300.00,81.90,85.55,52.25,59.85,59.20,59.85,7752.00,45726.46,1152.46,1152500.00,95750.00,2340.35
RELIANCE,18-Apr-2023,27-Apr-2023,CE,2320.00,67.95,69.85,40.65,47.05,46.05,47.05,4634.00,27416.04,538.84,545750.00,53500.00,2340.35
RELIANCE,18-Apr-2023,27-Apr-2023,CE,2340.00,53.35,55.90,31.10,36.50,36.00,36.50,19921.00,118356.94,1819.09,1398750.00,553250.00,2340.35
RELIANCE,18-Apr-2023,27-Apr-2023,CE,2360.00,41.50,43.85,23.30,27.45,27.30,27.45,19793.00,118185.37,1406.67,1908500.00,222250.00,2340.35
RELIANCE,18-Apr-2023,27-Apr-2023,CE,2380.00,32.35,32.95,16.55,19.95,19.55,19.95,13334.00,80040.12,702.82,1213250.00,219250.00,2340.35
RELIANCE,18-Apr-2023,27-Apr-2023,CE,2400.00,23.00,23.90,12.05,14.30,14.10,14.30,29580.00,178581.87,1101.87,4728500.00,374000.00,2340.35
RELIANCE,18-Apr-2023,27-Apr-2023,CE,2420.00,16.70,16.95,8.55,10.10,10.00,10.10,7708.00,46838.51,205.11,778500.00,34000.00,2340.35
RELIANCE,18-Apr-2023,27-Apr-2023,CE,2440.00,10.90,12.15,6.05,7.15,7.10,7.15,6700.00,40996.30,126.30,866750.00,-35750.00,2340.35
RELIANCE,18-Apr-2023,27-Apr-2023,CE,2460.00,8.05,9.05,4.45,5.15,5.20,5.15,5478.00,33764.14,74.44,809250.00,29500.00,2340.35
RELIANCE,18-Apr-2023,27-Apr-2023,CE,2480.00,6.35,6.75,3.40,4.05,4.15,4.05,2720.00,16893.08,29.08,352000.00,-13250.00,2340.35
RELIANCE,18-Apr-2023,27-Apr-2023,CE,2500.00,5.00,5.35,2.55,3.30,3.40,3.30,7571.00,47380.19,61.45,3128750.00,42250.00,2340.35
RELIANCE,18-Apr-2023,27-Apr-2023,CE,2520.00,3.65,3.95,1.90,2.55,2.65,2.55,1722.00,10859.19,10.59,347750.00,-17000.00,2340.35
RELIANCE,18-Apr-2023,27-Apr-2023,CE,2540.00,2.50,3.00,1.40,2.10,2.20,2.10,1425.00,9055.51,6.76,250750.00,9500.00,2340.35
RELIANCE,18-Apr-2023,27-Apr-2023,CE,2560.00,1.95,2.35,1.15,1.80,1.85,1.80,828.00,5302.40,3.20,276250.00,-11250.00,2340.35
RELIANCE,18-Apr-2023,27-Apr-2023,CE,2580.00,1.60,1.65,1.00,1.40,1.35,1.40,296.00,1910.12,0.92,47500.00,-13500.00,2340.35
RELIANCE,18-Apr-2023,27-Apr-2023,CE,2600.00,1.50,1.50,0.90,1.20,1.20,1.20,1776.00,11548.65,4.65,1136250.00,-61750.00,2340.35
RELIANCE,18-Apr-2023,27-Apr-2023,CE,2620.00,1.10,1.10,0.70,1.00,1.10,1.00,57.00,373.48,0.13,28250.00,6250.00,2340.35
RELIANCE,18-Apr-2023,27-Apr-2023,CE,2640.00,0.55,0.85,0.50,0.85,0.85,0.85,112.00,739.39,0.19,45000.00,-17500.00,2340.35
RELIANCE,18-Apr-2023,27-Apr-2023,CE,2660.00,0.55,0.70,0.55,0.60,0.60,0.15,9.00,59.86,0.01,24250.00,-,2340.35
RELIANCE,18-Apr-2023,27-Apr-2023,CE,2680.00,0.40,0.70,0.25,0.55,0.55,0.10,31.00,207.74,0.04,20500.00,-4000.00,2340.35
RELIANCE,18-Apr-2023,27-Apr-2023,CE,2700.00,0.55,0.60,0.45,0.50,0.60,0.50,653.00,4408.61,0.86,541250.00,-20250.00,2340.35
RELIANCE,18-Apr-2023,27-Apr-2023,CE,2720.00,-,-,-,0.70,0.70,0.05,-,-,-,8250.00,-,2340.35
RELIANCE,18-Apr-2023,27-Apr-2023,CE,2740.00,0.45,0.70,0.40,0.40,0.40,0.05,16.00,109.62,0.02,13750.00,-2250.00,2340.35
RELIANCE,18-Apr-2023,27-Apr-2023,CE,2760.00,-,-,-,0.55,0.55,0.05,-,-,-,3000.00,-,2340.35
RELIANCE,18-Apr-2023,27-Apr-2023,CE,2780.00,-,-,-,0.30,0.30,-,-,-,-,9500.00,-,2340.35
RELIANCE,18-Apr-2023,27-Apr-2023,CE,2800.00,0.50,0.55,0.35,0.40,0.35,0.40,144.00,1008.15,0.15,259250.00,1750.00,2340.35
RELIANCE,18-Apr-2023,27-Apr-2023,CE,2820.00,-,-,-,0.20,0.20,-,-,-,-,3000.00,-,2340.35
RELIANCE,18-Apr-2023,27-Apr-2023,CE,2840.00,0.30,0.50,0.30,0.50,0.50,-,12.00,85.21,0.01,26000.00,-3000.00,2340.35
RELIANCE,19-Apr-2023,27-Apr-2023,CE,1800.00,-,-,-,617.10,-,554.80,-,-,-,-,-,2352.00
RELIANCE,19-Apr-2023,27-Apr-2023,CE,1820.00,-,-,-,598.15,-,534.85,-,-,-,-,-,2352.00
RELIANCE,19-Apr-2023,27-Apr-2023,CE,1840.00,-,-,-,579.35,-,514.85,-,-,-,-,-,2352.00
RELIANCE,19-Apr-2023,27-Apr-2023,CE,1860.00,-,-,-,560.70,-,494.90,-,-,-,-,-,2352.00
RELIANCE,19-Apr-2023,27-Apr-2023,CE,1880.00,-,-,-,542.15,-,474.90,-,-,-,-,-,2352.00
RELIANCE,19-Apr-2023,27-Apr-2023,CE,1900.00,451.00,453.00,451.00,452.00,453.00,452.00,2.00,11.76,2.26,6500.00,500.00,2352.00
RELIANCE,19-Apr-2023,27-Apr-2023,CE,1920.00,-,-,-,505.60,-,435.00,-,-,-,-,-,2352.00
RELIANCE,19-Apr-2023,27-Apr-2023,CE,1940.00,-,-,-,487.60,-,415.00,-,-,-,-,-,2352.00
RELIANCE,19-Apr-2023,27-Apr-2023,CE,1960.00,-,-,-,469.80,-,395.05,-,-,-,-,-,2352.00
RELIANCE,19-Apr-2023,27-Apr-2023,CE,1980.00,-,-,-,353.90,353.90,375.10,-,-,-,250.00,-,2352.00
RELIANCE,19-Apr-2023,27-Apr-2023,CE,2000.00,345.95,360.00,345.95,348.25,348.25,355.10,27.00,158.87,23.87,85750.00,-2000.00,2352.00
RELIANCE,19-Apr-2023,27-Apr-2023,CE,2020.00,-,-,-,350.00,350.00,335.15,-,-,-,250.00,-,2352.00
RELIANCE,19-Apr-2023,27-Apr-2023,CE,2040.00,-,-,-,311.75,311.75,315.20,-,-,-,3750.00,-,2352.00
RELIANCE,19-Apr-2023,27-Apr-2023,CE,2060.00,-,-,-,250.00,250.00,295.25,-,-,-,500.00,-,2352.00
RELIANCE,19-Apr-2023,27-Apr-2023,CE,2080.00,261.10,261.10,261.10,261.10,261.10,275.30,1.00,5.85,0.65,1000.00,-,2352.00
RELIANCE,19-Apr-2023,27-Apr-2023,CE,2100.00,248.90,253.90,246.00,251.45,253.90,251.45,17.00,99.84,10.59,50250.00,-1750.00,2352.00
RELIANCE,19-Apr-2023,27-Apr-2023,CE,2120.00,-,-,-,240.45,240.45,235.60,-,-,-,250.00,-,2352.00
RELIANCE,19-Apr-2023,27-Apr-2023,CE,2140.00,-,-,-,198.50,198.50,215.90,-,-,-,21000.00,-,2352.00
RELIANCE,19-Apr-2023,27-Apr-2023,CE,2160.00,178.00,197.00,178.00,189.00,189.00,196.35,7.00,41.06,3.27,35750.00,-250.00,2352.00
RELIANCE,19-Apr-2023,27-Apr-2023,CE,2180.00,-,-,-,160.20,160.20,177.05,-,-,-,45250.00,-,2352.00
RELIANCE,19-Apr-2023,27-Apr-2023,CE,2200.00,141.60,162.00,138.30,155.00,152.15,155.00,308.00,1811.90,117.90,238500.00,-14500.00,2352.00
RELIANCE,19-Apr-2023,27-Apr-2023,CE,2220.00,125.50,138.95,125.50,136.60,137.00,136.60,17.00,99.93,5.58,47250.00,-1750.00,2352.00
RELIANCE,19-Apr-2023,27-Apr-2023,CE,2240.00,108.00,124.00,102.00,117.75,113.65,117.75,118.00,694.68,33.88,140500.00,-,2352.00
RELIANCE,19-Apr-2023,27-Apr-2023,CE,2260.00,86.95,106.25,85.60,99.60,97.00,99.60,297.00,1750.40,72.35,174250.00,-35750.00,2352.00
RELIANCE,19-Apr-2023,27-Apr-2023,CE,2280.00,72.30,88.40,69.45,83.20,79.50,83.20,508.00,2997.21,101.61,193250.00,-22250.00,2352.00
RELIANCE,19-Apr-2023,27-Apr-2023,CE,2300.00,57.00,73.00,55.15,66.95,64.30,66.95,8132.00,48079.91,1320.91,1053500.00,-99000.00,2352.00
RELIANCE,19-Apr-2023,27-Apr-2023,CE,2320.00,43.85,58.50,42.05,53.05,50.45,53.05,6644.00,39389.66,854.46,477250.00,-68500.00,2352.00
RELIANCE,19-Apr-2023,27-Apr-2023,CE,2340.00,36.00,45.75,32.35,40.85,38.55,40.85,21725.00,129254.13,2162.88,1094500.00,-304250.00,2352.00
RELIANCE,19-Apr-2023,27-Apr-2023,CE,2360.00,26.75,34.90,23.20,30.65,28.80,30.65,21452.00,128195.24,1628.44,1762500.00,-146000.00,2352.00
RELIANCE,19-Apr-2023,27-Apr-2023,CE,2380.00,19.10,25.30,16.60,21.90,20.35,21.90,11458.00,68794.07,618.97,1150250.00,-63000.00,2352.00
RELIANCE,19-Apr-2023,27-Apr-2023,CE,2400.00,14.05,18.00,12.00,15.15,14.20,15.15,31827.00,192161.84,1199.84,4182250.00,-546250.00,2352.00
RELIANCE,19-Apr-2023,27-Apr-2023,CE,2420.00,10.00,12.60,8.25,10.50,10.00,10.50,6260.00,38036.72,163.72,757250.00,-21250.00,2352.00
RELIANCE,19-Apr-2023,27-Apr-2023,CE,2440.00,6.40,8.75,5.00,7.20,6.90,7.20,6218.00,38041.99,112.19,881500.00,14750.00,2352.00
RELIANCE,19-Apr-2023,27-Apr-2023,CE,2460.00,4.90,6.20,3.95,5.05,4.95,5.05,3892.00,23985.04,49.24,793750.00,-15500.00,2352.00
RELIANCE,19-Apr-2023,27-Apr-2023,CE,2480.00,3.60,4.55,2.95,3.80,3.75,3.80,2293.00,14237.90,21.30,334500.00,-17500.00,2352.00
RELIANCE,19-Apr-2023,27-Apr-2023,CE,2500.00,3.35,3.60,1.50,3.05,2.90,3.05,6107.00,38213.23,44.48,3009750.00,-119000.00,2352.00
RELIANCE,19-Apr-2023,27-Apr-2023,CE,2520.00,1.95,2.65,1.70,2.30,2.20,2.30,1011.00,6374.84,5.54,367250.00,19500.00,2352.00
RELIANCE,19-Apr-2023,27-Apr-2023,CE,2540.00,1.45,2.05,1.35,1.85,1.85,1.85,616.00,3914.31,2.71,218500.00,-32250.00,2352.00
RELIANCE,19-Apr-2023,27-Apr-2023,CE,2560.00,1.50,1.70,1.10,1.55,1.50,1.55,445.00,2849.63,1.63,262000.00,-14250.00,2352.00
RELIANCE,19-Apr-2023,27-Apr-2023,CE,2580.00,1.00,1.50,1.00,1.15,1.15,1.15,86.00,554.97,0.27,44750.00,-2750.00,2352.00
RELIANCE,19-Apr-2023,27-Apr-2023,CE,2600.00,1.10,1.20,0.90,1.00,0.95,1.00,1471.00,9565.26,3.76,1090750.00,-45500.00,2352.00
RELIANCE,19-Apr-2023,27-Apr-2023,CE,2620.00,0.75,0.95,0.75,0.90,0.95,0.90,16.00,104.84,0.04,27250.00,-1000.00,2352.00
RELIANCE,19-Apr-2023,27-Apr-2023,CE,2640.00,0.90,0.90,0.65,0.75,0.70,0.75,88.00,580.97,0.17,52750.00,7750.00,2352.00
RELIANCE,19-Apr-2023,27-Apr-2023,CE,2660.00,0.75,0.75,0.60,0.65,0.65,0.65,38.00,252.77,0.07,25000.00,750.00,2352.00
RELIANCE,19-Apr-2023,27-Apr-2023,CE,2680.00,0.75,0.95,0.55,0.75,0.65,0.75,10.00,67.02,0.02,21500.00,1000.00,2352.00
RELIANCE,19-Apr-2023,27-Apr-2023,CE,2700.00,0.60,0.60,0.45,0.50,0.45,0.50,459.00,3098.84,0.59,534500.00,-6750.00,2352.00
RELIANCE,19-Apr-2023,27-Apr-2023,CE,2720.00,-,-,-,0.70,0.70,0.05,-,-,-,8250.00,-,2352.00
RELIANCE,19-Apr-2023,27-Apr-2023,CE,2740.00,-,-,-,0.40,0.40,0.05,-,-,-,13750.00,-,2352.00
RELIANCE,19-Apr-2023,27-Apr-2023,CE,2760.00,-,-,-,0.55,0.55,0.05,-,-,-,3000.00,-,2352.00
RELIANCE,19-Apr-2023,27-Apr-2023,CE,2780.00,-,-,-,0.30,0.30,-,-,-,-,9500.00,-,2352.00
RELIANCE,19-Apr-2023,27-Apr-2023,CE,2800.00,0.40,0.45,0.35,0.40,0.40,0.40,260.00,1820.27,0.27,267250.00,8000.00,2352.00
RELIANCE,19-Apr-2023,27-Apr-2023,CE,2820.00,0.10,0.15,0.10,0.15,0.15,-,3.00,21.15,-,3000.00,-,2352.00
RELIANCE,19-Apr-2023,27-Apr-2023,CE,2840.00,0.30,0.30,0.30,0.30,0.30,-,2.00,14.20,-,25500.00,-500.00,2352.00
RELIANCE,20-Apr-2023,27-Apr-2023,CE,1800.00,-,-,-,617.10,-,548.50,-,-,-,-,-,2346.05
RELIANCE,20-Apr-2023,27-Apr-2023,CE,1820.00,-,-,-,598.15,-,528.55,-,-,-,-,-,2346.05
RELIANCE,20-Apr-2023,27-Apr-2023,CE,1840.00,-,-,-,579.35,-,508.55,-,-,-,-,-,2346.05
RELIANCE,20-Apr-2023,27-Apr-2023,CE,1860.00,-,-,-,560.70,-,488.60,-,-,-,-,-,2346.05
RELIANCE,20-Apr-2023,27-Apr-2023,CE,1880.00,-,-,-,542.15,-,468.60,-,-,-,-,-,2346.05
RELIANCE,20-Apr-2023,27-Apr-2023,CE,1900.00,458.30,458.30,458.30,458.30,458.30,448.65,2.00,11.79,2.29,6500.00,-,2346.05
RELIANCE,20-Apr-2023,27-Apr-2023,CE,1920.00,-,-,-,505.60,-,428.65,-,-,-,-,-,2346.05
RELIANCE,20-Apr-2023,27-Apr-2023,CE,1940.00,-,-,-,487.60,-,408.70,-,-,-,-,-,2346.05
RELIANCE,20-Apr-2023,27-Apr-2023,CE,1960.00,-,-,-,469.80,-,388.70,-,-,-,-,-,2346.05
RELIANCE,20-Apr-2023,27-Apr-2023,CE,1980.00,-,-,-,353.90,353.90,368.75,-,-,-,250.00,-,2346.05
RELIANCE,20-Apr-2023,27-Apr-2023,CE,2000.00,360.65,360.65,346.00,346.25,346.25,348.75,8.00,47.05,7.05,85500.00,-250.00,2346.05
RELIANCE,20-Apr-2023,27-Apr-2023,CE,2020.00,333.25,333.25,333.25,333.25,333.25,328.80,1.00,5.88,0.83,500.00,250.00,2346.05
RELIANCE,20-Apr-2023,27-Apr-2023,CE,2040.00,-,-,-,311.75,311.75,308.85,-,-,-,3750.00,-,2346.05
RELIANCE,20-Apr-2023,27-Apr-2023,CE,2060.00,-,-,-,250.00,250.00,288.85,-,-,-,500.00,-,2346.05
RELIANCE,20-Apr-2023,27-Apr-2023,CE,2080.00,-,-,-,261.10,261.10,268.90,-,-,-,1000.00,-,2346.05
RELIANCE,20-Apr-2023,27-Apr-2023,CE,2100.00,257.90,257.90,246.00,247.25,247.75,247.25,14.00,82.24,8.74,49500.00,-750.00,2346.05
RELIANCE,20-Apr-2023,27-Apr-2023,CE,2120.00,-,-,-,240.45,240.45,229.15,-,-,-,250.00,-,2346.05
RELIANCE,20-Apr-2023,27-Apr-2023,CE,2140.00,-,-,-,198.50,198.50,209.35,-,-,-,21000.00,-,2346.05
RELIANCE,20-Apr-2023,27-Apr-2023,CE,2160.00,-,-,-,189.00,189.00,189.75,-,-,-,35750.00,-,2346.05
RELIANCE,20-Apr-2023,27-Apr-2023,CE,2180.00,180.00,180.00,164.00,169.25,169.25,169.25,7.00,41.12,2.97,45250.00,-,2346.05
RELIANCE,20-Apr-2023,27-Apr-2023,CE,2200.00,158.95,161.90,141.90,148.60,150.00,148.60,178.00,1046.00,67.00,221250.00,-17250.00,2346.05
RELIANCE,20-Apr-2023,27-Apr-2023,CE,2220.00,136.40,143.35,123.95,129.60,129.25,129.60,13.00,76.42,4.27,46500.00,-750.00,2346.05
RELIANCE,20-Apr-2023,27-Apr-2023,CE,2240.00,123.50,125.85,105.15,112.70,113.55,112.70,100.00,588.37,28.37,139000.00,-1500.00,2346.05
RELIANCE,20-Apr-2023,27-Apr-2023,CE,2260.00,99.00,103.95,88.00,94.95,95.00,94.95,200.00,1177.05,47.05,159500.00,-14750.00,2346.05
RELIANCE,20-Apr-2023,27-Apr-2023,CE,2280.00,82.65,89.50,71.40,78.05,78.00,78.05,268.00,1579.87,52.27,190250.00,-3000.00,2346.05
RELIANCE,20-Apr-2023,27-Apr-2023,CE,2300.00,69.65,73.70,56.65,63.05,63.00,63.05,3245.00,19171.35,512.60,994250.00,-59250.00,2346.05
RELIANCE,20-Apr-2023,27-Apr-2023,CE,2320.00,54.95,58.55,44.00,49.40,49.65,49.40,4227.00,25036.64,520.04,463250.00,-14000.00,2346.05
RELIANCE,20-Apr-2023,27-Apr-2023,CE,2340.00,42.80,45.00,33.50,38.15,37.80,38.15,11258.00,66923.24,1063.94,1168000.00,73500.00,2346.05
RELIANCE,20-Apr-2023,27-Apr-2023,CE,2360.00,30.70,33.85,24.65,28.35,28.25,28.35,10189.00,60840.02,724.92,1751000.00,-11500.00,2346.05
RELIANCE,20-Apr-2023,27-Apr-2023,CE,2380.00,21.95,24.25,17.35,20.00,20.00,20.00,7296.00,43775.46,364.26,1187000.00,36750.00,2346.05
RELIANCE,20-Apr-2023,27-Apr-2023,CE,2400.00,15.95,16.80,12.00,13.75,13.85,13.75,16983.00,102480.55,582.55,4131750.00,-50500.00,2346.05
RELIANCE,20-Apr-2023,27-Apr-2023,CE,2420.00,10.65,11.45,8.10,9.40,9.50,9.40,4695.00,28513.55,108.80,778000.00,20750.00,2346.05
RELIANCE,20-Apr-2023,27-Apr-2023,CE,2440.00,7.15,7.70,5.40,6.25,6.20,6.25,4587.00,28051.90,71.20,902250.00,20750.00,2346.05
RELIANCE,20-Apr-2023,27-Apr-2023,CE,2460.00,4.30,5.30,3.75,4.25,4.20,4.25,3328.00,20503.01,35.81,843500.00,49750.00,2346.05
RELIANCE,20-Apr-2023,27-Apr-2023,CE,2480.00,3.65,3.90,2.65,3.10,3.00,3.10,1939.00,12036.85,15.05,343250.00,8750.00,2346.05
RELIANCE,20-Apr-2023,27-Apr-2023,CE,2500.00,2.85,3.00,2.10,2.50,2.40,2.50,4071.00,25468.34,24.59,2925250.00,-84500.00,2346.05
RELIANCE,20-Apr-2023,27-Apr-2023,CE,2520.00,2.05,2.15,1.60,1.85,1.70,1.85,936.00,5901.00,4.20,306750.00,-60500.00,2346.05
RELIANCE,20-Apr-2023,27-Apr-2023,CE,2540.00,1.35,1.60,1.15,1.45,1.40,1.45,470.00,2986.11,1.61,210750.00,-7750.00,2346.05
RELIANCE,20-Apr-2023,27-Apr-2023,CE,2560.00,1.20,1.30,1.05,1.25,1.25,1.25,348.00,2228.21,1.01,286750.00,24750.00,2346.05
RELIANCE,20-Apr-2023,27-Apr-2023,CE,2580.00,0.90,1.00,0.85,1.00,0.95,1.00,92.00,593.62,0.22,42250.00,-2500.00,2346.05
RELIANCE,20-Apr-2023,27-Apr-2023,CE,2600.00,0.85,0.90,0.60,0.75,0.85,0.75,1163.00,7561.60,2.10,1034500.00,-56250.00,2346.05
RELIANCE,20-Apr-2023,27-Apr-2023,CE,2620.00,0.85,0.85,0.65,0.70,0.70,0.70,23.00,150.69,0.04,29500.00,2250.00,2346.05
RELIANCE,20-Apr-2023,27-Apr-2023,CE,2640.00,0.55,0.70,0.45,0.65,0.65,0.65,57.00,376.28,0.08,45250.00,-7500.00,2346.05
RELIANCE,20-Apr-2023,27-Apr-2023,CE,2660.00,0.65,0.65,0.50,0.65,0.65,0.65,5.00,33.26,0.01,25250.00,250.00,2346.05
RELIANCE,20-Apr-2023,27-Apr-2023,CE,2680.00,0.90,0.90,0.45,0.55,0.50,0.55,34.00,227.85,0.05,22250.00,750.00,2346.05
RELIANCE,20-Apr-2023,27-Apr-2023,CE,2700.00,0.45,0.55,0.25,0.35,0.35,0.35,368.00,2484.32,0.32,529250.00,-5250.00,2346.05
RELIANCE,20-Apr-2023,27-Apr-2023,CE,2720.00,-,-,-,0.70,0.70,0.05,-,-,-,8250.00,-,2346.05
RELIANCE,20-Apr-2023,27-Apr-2023,CE,2740.00,-,-,-,0.40,0.40,-,-,-,-,13750.00,-,2346.05
RELIANCE,20-Apr-2023,27-Apr-2023,CE,2760.00,-,-,-,0.55,0.55,-,-,-,-,3000.00,-,2346.05
RELIANCE,20-Apr-2023,27-Apr-2023,CE,2780.00,0.15,0.25,0.15,0.25,0.25,-,5.00,34.75,-,8250.00,-1250.00,2346.05
RELIANCE,20-Apr-2023,27-Apr-2023,CE,2800.00,0.30,0.60,0.25,0.45,0.50,0.45,113.00,791.09,0.09,273000.00,5750.00,2346.05
RELIANCE,20-Apr-2023,27-Apr-2023,CE,2820.00,-,-,-,0.15,0.15,-,-,-,-,3000.00,-,2346.05
RELIANCE,20-Apr-2023,27-Apr-2023,CE,2840.00,0.30,0.30,0.30,0.30,0.30,-,13.00,92.31,0.01,26000.00,500.00,2346.05
RELIANCE,21-Apr-2023,27-Apr-2023,CE,1800.00,-,-,-,617.10,-,551.10,-,-,-,-,-,2349.00
RELIANCE,21-Apr-2023,27-Apr-2023,CE,1820.00,-,-,-,598.15,-,531.15,-,-,-,-,-,2349.00
RELIANCE,21-Apr-2023,27-Apr-2023,CE,1840.00,-,-,-,579.35,-,511.15,-,-,-,-,-,2349.00
RELIANCE,21-Apr-2023,27-Apr-2023,CE,1860.00,-,-,-,560.70,-,491.20,-,-,-,-,-,2349.00
RELIANCE,21-Apr-2023,27-Apr-2023,CE,1880.00,-,-,-,542.15,-,471.20,-,-,-,-,-,2349.00
RELIANCE,21-Apr-2023,27-Apr-2023,CE,1900.00,-,-,-,458.30,458.30,451.20,-,-,-,6500.00,-,2349.00
RELIANCE,21-Apr-2023,27-Apr-2023,CE,1920.00,-,-,-,505.60,-,431.25,-,-,-,-,-,2349.00
RELIANCE,21-Apr-2023,27-Apr-2023,CE,1940.00,-,-,-,487.60,-,411.25,-,-,-,-,-,2349.00
RELIANCE,21-Apr-2023,27-Apr-2023,CE,1960.00,-,-,-,469.80,-,391.30,-,-,-,-,-,2349.00
RELIANCE,21-Apr-2023,27-Apr-2023,CE,1980.00,-,-,-,353.90,353.90,371.30,-,-,-,250.00,-,2349.00
RELIANCE,21-Apr-2023,27-Apr-2023,CE,2000.00,351.00,359.00,344.00,353.00,353.00,353.00,39.00,229.60,34.60,80000.00,-5500.00,2349.00
RELIANCE,21-Apr-2023,27-Apr-2023,CE,2020.00,328.80,328.80,328.80,328.80,328.80,331.35,1.00,5.87,0.82,250.00,-250.00,2349.00
RELIANCE,21-Apr-2023,27-Apr-2023,CE,2040.00,-,-,-,311.75,311.75,311.40,-,-,-,3750.00,-,2349.00
RELIANCE,21-Apr-2023,27-Apr-2023,CE,2060.00,-,-,-,250.00,250.00,291.40,-,-,-,500.00,-,2349.00
RELIANCE,21-Apr-2023,27-Apr-2023,CE,2080.00,-,-,-,261.10,261.10,271.45,-,-,-,1000.00,-,2349.00
RELIANCE,21-Apr-2023,27-Apr-2023,CE,2100.00,247.90,260.00,241.90,253.00,253.00,253.00,22.00,129.30,13.80,46000.00,-3500.00,2349.00
RELIANCE,21-Apr-2023,27-Apr-2023,CE,2120.00,-,-,-,240.45,240.45,231.55,-,-,-,250.00,-,2349.00
RELIANCE,21-Apr-2023,27-Apr-2023,CE,2140.00,214.00,214.00,213.65,213.65,213.65,211.70,5.00,29.42,2.67,20000.00,-1000.00,2349.00
RELIANCE,21-Apr-2023,27-Apr-2023,CE,2160.00,-,-,-,189.00,189.00,191.95,-,-,-,35750.00,-,2349.00
RELIANCE,21-Apr-2023,27-Apr-2023,CE,2180.00,171.40,174.70,168.00,174.00,174.00,174.00,10.00,58.81,4.31,43000.00,-2250.00,2349.00
RELIANCE,21-Apr-2023,27-Apr-2023,CE,2200.00,151.55,161.00,144.00,155.85,156.00,155.85,139.00,817.86,53.36,205750.00,-15500.00,2349.00
RELIANCE,21-Apr-2023,27-Apr-2023,CE,2220.00,135.10,138.55,127.90,134.45,134.00,134.45,15.00,88.25,5.00,44250.00,-2250.00,2349.00
RELIANCE,21-Apr-2023,27-Apr-2023,CE,2240.00,113.15,124.35,105.40,118.20,118.00,118.20,127.00,748.25,37.05,124000.00,-15000.00,2349.00
RELIANCE,21-Apr-2023,27-Apr-2023,CE,2260.00,94.95,106.00,88.60,100.15,100.00,100.15,403.00,2374.51,97.56,178250.00,18750.00,2349.00
RELIANCE,21-Apr-2023,27-Apr-2023,CE,2280.00,82.20,88.50,72.15,81.95,82.00,81.95,396.00,2335.80,78.60,190000.00,-250.00,2349.00
RELIANCE,21-Apr-2023,27-Apr-2023,CE,2300.00,64.90,72.55,57.00,67.05,66.80,67.05,4683.00,27686.59,759.34,851750.00,-142500.00,2349.00
RELIANCE,21-Apr-2023,27-Apr-2023,CE,2320.00,49.95,57.60,44.05,52.05,51.60,52.05,5308.00,31455.41,669.01,417500.00,-45750.00,2349.00
RELIANCE,21-Apr-2023,27-Apr-2023,CE,2340.00,39.15,45.00,33.40,39.85,39.40,39.85,16202.00,96353.05,1571.35,1244000.00,76000.00,2349.00
RELIANCE,21-Apr-2023,27-Apr-2023,CE,2360.00,29.45,34.25,24.35,29.55,28.70,29.55,30835.00,184189.56,2263.06,2463750.00,712750.00,2349.00
RELIANCE,21-Apr-2023,27-Apr-2023,CE,2380.00,20.50,24.60,16.70,20.70,20.00,20.70,14657.00,87959.34,750.19,1613750.00,426750.00,2349.00
RELIANCE,21-Apr-2023,27-Apr-2023,CE,2400.00,13.45,17.30,11.70,14.30,14.00,14.30,34337.00,207260.70,1238.70,4904500.00,772750.00,2349.00
RELIANCE,21-Apr-2023,27-Apr-2023,CE,2420.00,9.80,12.15,8.00,10.00,9.75,10.00,10069.00,61165.80,248.35,893250.00,115250.00,2349.00
RELIANCE,21-Apr-2023,27-Apr-2023,CE,2440.00,6.30,8.50,5.35,6.90,6.80,6.90,10746.00,65730.50,179.90,1270750.00,368500.00,2349.00
RELIANCE,21-Apr-2023,27-Apr-2023,CE,2460.00,4.30,6.15,3.70,5.10,4.90,5.10,10296.00,63445.07,124.67,1147500.00,304000.00,2349.00
RELIANCE,21-Apr-2023,27-Apr-2023,CE,2480.00,3.15,4.50,2.65,3.80,3.45,3.80,6173.00,38327.34,54.74,641250.00,298000.00,2349.00
RELIANCE,21-Apr-2023,27-Apr-2023,CE,2500.00,2.50,3.50,2.05,2.90,2.85,2.90,15035.00,94068.07,99.32,3289750.00,364500.00,2349.00
RELIANCE,21-Apr-2023,27-Apr-2023,CE,2520.00,1.90,2.60,1.55,2.20,2.00,2.20,2192.00,13821.03,11.43,363000.00,56250.00,2349.00
RELIANCE,21-Apr-2023,27-Apr-2023,CE,2540.00,1.45,2.00,1.20,1.65,1.35,1.65,1184.00,7523.00,4.60,317000.00,106250.00,2349.00
RELIANCE,21-Apr-2023,27-Apr-2023,CE,2560.00,1.20,1.55,1.00,1.35,1.30,1.35,481.00,3079.89,1.49,272750.00,-14000.00,2349.00
RELIANCE,21-Apr-2023,27-Apr-2023,CE,2580.00,1.00,1.25,0.80,1.15,1.20,1.15,257.00,1658.35,0.70,76500.00,34250.00,2349.00
RELIANCE,21-Apr-2023,27-Apr-2023,CE,2600.00,0.70,1.10,0.65,0.95,1.10,0.95,2491.00,16196.48,4.98,1062250.00,27750.00,2349.00
RELIANCE,21-Apr-2023,27-Apr-2023,CE,2620.00,0.70,0.85,0.60,0.75,0.85,0.75,77.00,504.48,0.13,31250.00,1750.00,2349.00
RELIANCE,21-Apr-2023,27-Apr-2023,CE,2640.00,0.85,0.85,0.45,0.55,0.55,0.55,47.00,310.26,0.06,45750.00,500.00,2349.00
RELIANCE,21-Apr-2023,27-Apr-2023,CE,2660.00,0.45,0.60,0.35,0.55,0.50,0.55,20.00,133.03,0.03,27000.00,1750.00,2349.00
RELIANCE,21-Apr-2023,27-Apr-2023,CE,2680.00,0.55,0.70,0.50,0.55,0.55,0.55,32.00,214.44,0.04,22500.00,250.00,2349.00
RELIANCE,21-Apr-2023,27-Apr-2023,CE,2700.00,0.30,0.45,0.20,0.30,0.35,0.30,1031.00,6959.98,0.73,503250.00,-26000.00,2349.00
RELIANCE,21-Apr-2023,27-Apr-2023,CE,2720.00,-,-,-,0.70,0.70,-,-,-,-,8250.00,-,2349.00
RELIANCE,21-Apr-2023,27-Apr-2023,CE,2740.00,0.15,0.15,0.15,0.15,0.15,-,1.00,6.85,-,13500.00,-250.00,2349.00
RELIANCE,21-Apr-2023,27-Apr-2023,CE,2760.00,0.60,0.65,0.60,0.65,0.65,0.65,3.00,20.70,-,3750.00,750.00,2349.00
RELIANCE,21-Apr-2023,27-Apr-2023,CE,2780.00,0.35,0.35,0.30,0.30,0.30,0.30,23.00,159.87,0.02,9750.00,1500.00,2349.00
RELIANCE,21-Apr-2023,27-Apr-2023,CE,2800.00,0.25,0.35,0.15,0.30,0.35,0.30,461.00,3227.21,0.21,217000.00,-56000.00,2349.00
RELIANCE,21-Apr-2023,27-Apr-2023,CE,2820.00,-,-,-,0.15,0.15,-,-,-,-,3000.00,-,2349.00
RELIANCE,21-Apr-2023,27-Apr-2023,CE,2840.00,0.30,0.65,0.25,0.25,0.25,-,34.00,241.43,0.03,28000.00,2000.00,2349.00
RELIANCE,24-Apr-2023,27-Apr-2023,CE,1800.00,-,-,-,617.10,-,559.00,-,-,-,-,-,2358.00
RELIANCE,24-Apr-2023,27-Apr-2023,CE,1820.00,-,-,-,598.15,-,539.05,-,-,-,-,-,2358.00
RELIANCE,24-Apr-2023,27-Apr-2023,CE,1840.00,-,-,-,579.35,-,519.05,-,-,-,-,-,2358.00
RELIANCE,24-Apr-2023,27-Apr-2023,CE,1860.00,-,-,-,560.70,-,499.05,-,-,-,-,-,2358.00
RELIANCE,24-Apr-2023,27-Apr-2023,CE,1880.00,-,-,-,542.15,-,479.05,-,-,-,-,-,2358.00
RELIANCE,24-Apr-2023,27-Apr-2023,CE,1900.00,461.00,462.00,461.00,461.75,462.00,461.75,4.00,23.62,4.62,6000.00,-500.00,2358.00
RELIANCE,24-Apr-2023,27-Apr-2023,CE,1920.00,-,-,-,505.60,-,439.10,-,-,-,-,-,2358.00
RELIANCE,24-Apr-2023,27-Apr-2023,CE,1940.00,-,-,-,487.60,-,419.10,-,-,-,-,-,2358.00
RELIANCE,24-Apr-2023,27-Apr-2023,CE,1960.00,-,-,-,469.80,-,399.10,-,-,-,-,-,2358.00
RELIANCE,24-Apr-2023,27-Apr-2023,CE,1980.00,-,-,-,353.90,353.90,379.10,-,-,-,250.00,-,2358.00
RELIANCE,24-Apr-2023,27-Apr-2023,CE,2000.00,369.80,369.80,355.15,358.05,358.05,358.05,11.00,64.88,9.88,78000.00,-2000.00,2358.00
RELIANCE,24-Apr-2023,27-Apr-2023,CE,2020.00,-,-,-,328.80,328.80,339.15,-,-,-,250.00,-,2358.00
RELIANCE,24-Apr-2023,27-Apr-2023,CE,2040.00,-,-,-,311.75,311.75,319.15,-,-,-,3750.00,-,2358.00
RELIANCE,24-Apr-2023,27-Apr-2023,CE,2060.00,-,-,-,250.00,250.00,299.15,-,-,-,500.00,-,2358.00
RELIANCE,24-Apr-2023,27-Apr-2023,CE,2080.00,-,-,-,261.10,261.10,279.20,-,-,-,1000.00,-,2358.00
RELIANCE,24-Apr-2023,27-Apr-2023,CE,2100.00,270.00,277.40,254.85,261.00,260.30,261.00,21.00,124.17,13.92,42000.00,-4000.00,2358.00
RELIANCE,24-Apr-2023,27-Apr-2023,CE,2120.00,-,-,-,240.45,240.45,239.20,-,-,-,250.00,-,2358.00
RELIANCE,24-Apr-2023,27-Apr-2023,CE,2140.00,-,-,-,213.65,213.65,219.20,-,-,-,20000.00,-,2358.00
RELIANCE,24-Apr-2023,27-Apr-2023,CE,2160.00,-,-,-,189.00,189.00,199.25,-,-,-,35750.00,-,2358.00
RELIANCE,24-Apr-2023,27-Apr-2023,CE,2180.00,178.00,179.70,172.65,179.70,179.70,179.25,19.00,111.92,8.37,38750.00,-4250.00,2358.00
RELIANCE,24-Apr-2023,27-Apr-2023,CE,2200.00,179.90,180.80,151.10,161.75,162.55,161.75,218.00,1286.95,87.95,190250.00,-15500.00,2358.00
RELIANCE,24-Apr-2023,27-Apr-2023,CE,2220.00,157.30,157.30,135.10,141.00,142.50,141.00,19.00,112.16,6.71,44250.00,-,2358.00
RELIANCE,24-Apr-2023,27-Apr-2023,CE,2240.00,138.00,140.00,113.00,121.30,122.00,121.30,208.00,1226.78,61.98,103750.00,-20250.00,2358.00
RELIANCE,24-Apr-2023,27-Apr-2023,CE,2260.00,120.00,121.20,90.60,102.30,103.75,102.30,404.00,2389.95,107.35,122250.00,-56000.00,2358.00
RELIANCE,24-Apr-2023,27-Apr-2023,CE,2280.00,100.90,100.90,73.70,82.15,81.50,82.15,202.00,1192.44,41.04,174500.00,-15500.00,2358.00
RELIANCE,24-Apr-2023,27-Apr-2023,CE,2300.00,79.80,83.75,54.95,62.80,62.50,62.80,4886.00,28879.75,785.25,622500.00,-229250.00,2358.00
RELIANCE,24-Apr-2023,27-Apr-2023,CE,2320.00,61.25,65.00,38.00,43.85,44.95,43.85,3658.00,21628.77,412.37,355000.00,-62500.00,2358.00
RELIANCE,24-Apr-2023,27-Apr-2023,CE,2340.00,49.35,49.40,24.00,28.85,27.30,28.85,17217.00,102077.73,1358.28,782500.00,-461500.00,2358.00
RELIANCE,24-Apr-2023,27-Apr-2023,CE,2360.00,30.05,35.95,15.10,17.85,17.00,17.85,48380.00,287882.92,2440.92,1808750.00,-655000.00,2358.00
RELIANCE,24-Apr-2023,27-Apr-2023,CE,2380.00,21.00,25.00,8.55,10.40,9.85,10.40,47236.00,282607.23,1553.03,1638500.00,24750.00,2358.00
RELIANCE,24-Apr-2023,27-Apr-2023,CE,2400.00,18.10,18.10,5.00,5.95,5.60,5.95,67486.00,406231.97,1315.97,4900500.00,-4000.00,2358.00
RELIANCE,24-Apr-2023,27-Apr-2023,CE,2420.00,11.70,11.70,2.75,3.30,2.95,3.30,24109.00,146126.88,267.43,970750.00,77500.00,2358.00
RELIANCE,24-Apr-2023,27-Apr-2023,CE,2440.00,6.80,8.15,1.60,1.95,1.85,1.95,17108.00,104474.64,115.84,1001500.00,-269250.00,2358.00
RELIANCE,24-Apr-2023,27-Apr-2023,CE,2460.00,5.10,5.10,1.05,1.35,1.50,1.35,13005.00,80041.48,60.73,923000.00,-224500.00,2358.00
RELIANCE,24-Apr-2023,27-Apr-2023,CE,2480.00,2.75,3.85,0.75,1.00,0.95,1.00,8567.00,53144.07,28.67,375250.00,-266000.00,2358.00
RELIANCE,24-Apr-2023,27-Apr-2023,CE,2500.00,2.70,3.35,0.55,0.80,0.85,0.80,18891.00,118117.81,49.06,2771000.00,-518750.00,2358.00
RELIANCE,24-Apr-2023,27-Apr-2023,CE,2520.00,3.15,3.15,0.40,0.65,0.65,0.65,2376.00,14973.37,4.57,234000.00,-129000.00,2358.00
RELIANCE,24-Apr-2023,27-Apr-2023,CE,2540.00,2.00,2.00,0.35,0.50,0.55,0.50,1535.00,9749.64,2.39,190500.00,-126500.00,2358.00
RELIANCE,24-Apr-2023,27-Apr-2023,CE,2560.00,1.35,1.60,0.35,0.45,0.45,0.45,836.00,5351.58,1.18,327250.00,54500.00,2358.00
RELIANCE,24-Apr-2023,27-Apr-2023,CE,2580.00,1.25,1.25,0.25,0.35,0.50,0.35,403.00,2599.88,0.53,51500.00,-25000.00,2358.00
RELIANCE,24-Apr-2023,27-Apr-2023,CE,2600.00,1.50,1.50,0.10,0.25,0.20,0.25,2875.00,18689.60,2.10,942000.00,-120250.00,2358.00
RELIANCE,24-Apr-2023,27-Apr-2023,CE,2620.00,0.80,1.40,0.10,0.25,0.25,0.25,108.00,707.49,0.09,29500.00,-1750.00,2358.00
RELIANCE,24-Apr-2023,27-Apr-2023,CE,2640.00,0.60,0.75,0.10,0.15,0.15,0.15,42.00,277.23,0.03,44500.00,-1250.00,2358.00
RELIANCE,24-Apr-2023,27-Apr-2023,CE,2660.00,0.20,0.20,0.10,0.10,0.10,0.10,18.00,119.71,0.01,24500.00,-2500.00,2358.00
RELIANCE,24-Apr-2023,27-Apr-2023,CE,2680.00,0.60,0.60,0.15,0.25,0.25,0.25,33.00,221.12,0.02,22500.00,-,2358.00
RELIANCE,24-Apr-2023,27-Apr-2023,CE,2700.00,0.30,0.60,0.05,0.10,0.10,0.10,719.00,4853.47,0.22,433750.00,-69500.00,2358.00
RELIANCE,24-Apr-2023,27-Apr-2023,CE,2720.00,0.70,0.70,0.20,0.20,0.20,-,20.00,136.02,0.02,8750.00,500.00,2358.00
RELIANCE,24-Apr-2023,27-Apr-2023,CE,2740.00,0.20,0.30,0.10,0.20,0.20,0.20,27.00,184.96,0.01,12000.00,-1500.00,2358.00
RELIANCE,24-Apr-2023,27-Apr-2023,CE,2760.00,0.15,0.15,0.10,0.15,0.15,0.15,4.00,27.60,-,3000.00,-750.00,2358.00
RELIANCE,24-Apr-2023,27-Apr-2023,CE,2780.00,0.30,0.45,0.15,0.30,0.30,0.30,16.00,111.21,0.01,10500.00,750.00,2358.00
RELIANCE,24-Apr-2023,27-Apr-2023,CE,2800.00,0.10,0.20,0.05,0.15,0.15,0.15,363.00,2541.09,0.09,186250.00,-30750.00,2358.00
RELIANCE,24-Apr-2023,27-Apr-2023,CE,2820.00,0.15,0.15,0.15,0.15,0.15,-,6.00,42.30,-,3000.00,-,2358.00
RELIANCE,24-Apr-2023,27-Apr-2023,CE,2840.00,0.25,0.25,0.05,0.10,0.10,0.10,67.00,475.72,0.02,22750.00,-5250.00,2358.00
RELIANCE,25-Apr-2023,27-Apr-2023,CE,1800.00,-,-,-,617.10,-,576.75,-,-,-,-,-,2376.05
RELIANCE,25-Apr-2023,27-Apr-2023,CE,1820.00,-,-,-,598.15,-,556.75,-,-,-,-,-,2376.05
RELIANCE,25-Apr-2023,27-Apr-2023,CE,1840.00,-,-,-,579.35,-,536.80,-,-,-,-,-,2376.05
RELIANCE,25-Apr-2023,27-Apr-2023,CE,1860.00,-,-,-,560.70,-,516.80,-,-,-,-,-,2376.05
RELIANCE,25-Apr-2023,27-Apr-2023,CE,1880.00,-,-,-,542.15,-,496.80,-,-,-,-,-,2376.05
RELIANCE,25-Apr-2023,27-Apr-2023,CE,1900.00,457.00,457.00,452.85,452.85,452.85,476.80,3.00,17.66,3.41,5750.00,-250.00,2376.05
RELIANCE,25-Apr-2023,27-Apr-2023,CE,1920.00,-,-,-,505.60,-,456.80,-,-,-,-,-,2376.05
RELIANCE,25-Apr-2023,27-Apr-2023,CE,1940.00,-,-,-,487.60,-,436.80,-,-,-,-,-,2376.05
RELIANCE,25-Apr-2023,27-Apr-2023,CE,1960.00,-,-,-,469.80,-,416.85,-,-,-,-,-,2376.05
RELIANCE,25-Apr-2023,27-Apr-2023,CE,1980.00,-,-,-,353.90,353.90,396.85,-,-,-,250.00,-,2376.05
RELIANCE,25-Apr-2023,27-Apr-2023,CE,2000.00,361.00,379.00,351.00,379.00,379.00,376.85,114.00,674.12,104.12,57500.00,-20500.00,2376.05
RELIANCE,25-Apr-2023,27-Apr-2023,CE,2020.00,-,-,-,328.80,328.80,356.85,-,-,-,250.00,-,2376.05
RELIANCE,25-Apr-2023,27-Apr-2023,CE,2040.00,-,-,-,311.75,311.75,336.85,-,-,-,3750.00,-,2376.05
RELIANCE,25-Apr-2023,27-Apr-2023,CE,2060.00,-,-,-,250.00,250.00,316.85,-,-,-,500.00,-,2376.05
RELIANCE,25-Apr-2023,27-Apr-2023,CE,2080.00,-,-,-,261.10,261.10,296.90,-,-,-,1000.00,-,2376.05
RELIANCE,25-Apr-2023,27-Apr-2023,CE,2100.00,259.80,282.00,249.75,275.00,275.00,276.90,32.00,188.88,20.88,37250.00,-4750.00,2376.05
RELIANCE,25-Apr-2023,27-Apr-2023,CE,2120.00,236.80,236.80,236.80,236.80,236.80,256.90,1.00,5.89,0.59,250.00,-,2376.05
RELIANCE,25-Apr-2023,27-Apr-2023,CE,2140.00,213.00,213.00,211.50,211.50,211.50,236.90,15.00,88.23,7.98,16750.00,-3250.00,2376.05
RELIANCE,25-Apr-2023,27-Apr-2023,CE,2160.00,193.85,217.00,193.85,217.00,217.00,217.00,3.00,17.77,1.57,35750.00,-,2376.05
RELIANCE,25-Apr-2023,27-Apr-2023,CE,2180.00,177.00,177.00,171.50,172.00,172.00,196.90,24.00,141.20,10.40,34750.00,-4000.00,2376.05
RELIANCE,25-Apr-2023,27-Apr-2023,CE,2200.00,162.00,184.20,150.50,179.45,176.45,179.45,349.00,2065.07,145.57,136500.00,-53750.00,2376.05
RELIANCE,25-Apr-2023,27-Apr-2023,CE,2220.00,141.00,160.00,131.40,157.60,157.60,157.60,12.00,70.84,4.24,43000.00,-1250.00,2376.05
RELIANCE,25-Apr-2023,27-Apr-2023,CE,2240.00,124.50,144.00,110.40,140.00,140.00,140.00,117.00,690.84,35.64,81250.00,-22500.00,2376.05
RELIANCE,25-Apr-2023,27-Apr-2023,CE,2260.00,103.75,125.00,90.20,119.20,116.15,119.20,142.00,840.03,37.73,104250.00,-18000.00,2376.05
RELIANCE,25-Apr-2023,27-Apr-2023,CE,2280.00,79.30,103.20,71.00,99.40,98.45,99.40,157.00,927.57,32.67,166000.00,-8500.00,2376.05
RELIANCE,25-Apr-2023,27-Apr-2023,CE,2300.00,63.00,84.90,51.50,78.90,75.85,78.90,3554.00,21006.03,570.53,380500.00,-242000.00,2376.05
RELIANCE,25-Apr-2023,27-Apr-2023,CE,2320.00,46.95,65.75,33.70,59.95,57.45,59.95,3619.00,21380.19,389.99,223500.00,-131500.00,2376.05
RELIANCE,25-Apr-2023,27-Apr-2023,CE,2340.00,29.00,46.65,19.50,40.75,37.80,40.75,13273.00,78583.46,936.41,487500.00,-295000.00,2376.05
RELIANCE,25-Apr-2023,27-Apr-2023,CE,2360.00,18.05,30.30,10.55,24.40,21.80,24.40,37027.00,220107.28,1647.98,1146000.00,-662750.00,2376.05
RELIANCE,25-Apr-2023,27-Apr-2023,CE,2380.00,9.80,18.00,5.10,13.55,12.50,13.55,51937.00,310580.26,1555.11,1795750.00,157250.00,2376.05
RELIANCE,25-Apr-2023,27-Apr-2023,CE,2400.00,6.00,9.70,2.75,7.60,6.80,7.60,61133.00,367721.10,923.10,4070750.00,-829750.00,2376.05
RELIANCE,25-Apr-2023,27-Apr-2023,CE,2420.00,3.00,4.95,1.40,3.75,3.40,3.75,15785.00,95619.45,120.20,826000.00,-144750.00,2376.05
RELIANCE,25-Apr-2023,27-Apr-2023,CE,2440.00,1.85,2.65,0.80,1.85,1.70,1.85,9242.00,56413.46,37.26,948250.00,-53250.00,2376.05
RELIANCE,25-Apr-2023,27-Apr-2023,CE,2460.00,1.10,1.65,0.65,1.15,0.90,1.15,5676.00,34922.40,15.00,780250.00,-142750.00,2376.05
RELIANCE,25-Apr-2023,27-Apr-2023,CE,2480.00,0.95,1.15,0.50,0.80,0.75,0.80,2845.00,17644.39,5.39,325500.00,-49750.00,2376.05
RELIANCE,25-Apr-2023,27-Apr-2023,CE,2500.00,0.60,0.75,0.40,0.65,0.50,0.65,8015.00,50104.78,11.03,2228750.00,-542250.00,2376.05
RELIANCE,25-Apr-2023,27-Apr-2023,CE,2520.00,0.45,0.60,0.30,0.50,0.45,0.50,899.00,5664.60,0.90,191000.00,-43000.00,2376.05
RELIANCE,25-Apr-2023,27-Apr-2023,CE,2540.00,0.50,0.55,0.20,0.40,0.55,0.40,438.00,2781.61,0.31,153250.00,-37250.00,2376.05
RELIANCE,25-Apr-2023,27-Apr-2023,CE,2560.00,0.30,0.45,0.10,0.35,0.45,0.35,819.00,5241.99,0.39,196750.00,-130500.00,2376.05
RELIANCE,25-Apr-2023,27-Apr-2023,CE,2580.00,0.35,0.35,0.15,0.25,0.30,0.25,85.00,548.30,0.05,43250.00,-8250.00,2376.05
RELIANCE,25-Apr-2023,27-Apr-2023,CE,2600.00,0.20,0.30,0.10,0.25,0.25,0.25,1802.00,11713.81,0.81,732750.00,-209250.00,2376.05
RELIANCE,25-Apr-2023,27-Apr-2023,CE,2620.00,0.15,0.25,0.10,0.10,0.10,-,31.00,203.06,0.01,24500.00,-5000.00,2376.05
RELIANCE,25-Apr-2023,27-Apr-2023,CE,2640.00,0.15,2.25,0.10,0.15,0.15,0.15,109.00,719.51,0.11,42750.00,-1750.00,2376.05
RELIANCE,25-Apr-2023,27-Apr-2023,CE,2660.00,0.10,0.40,0.05,0.35,0.35,0.35,56.00,372.42,0.02,22500.00,-2000.00,2376.05
RELIANCE,25-Apr-2023,27-Apr-2023,CE,2680.00,0.10,0.20,0.10,0.15,0.15,-,10.00,67.00,-,22500.00,-,2376.05
RELIANCE,25-Apr-2023,27-Apr-2023,CE,2700.00,0.05,0.20,0.05,0.15,0.10,0.15,638.00,4306.66,0.16,329500.00,-104250.00,2376.05
RELIANCE,25-Apr-2023,27-Apr-2023,CE,2720.00,0.15,0.15,0.10,0.15,0.15,-,4.00,27.20,-,7750.00,-1000.00,2376.05
RELIANCE,25-Apr-2023,27-Apr-2023,CE,2740.00,0.20,0.20,0.05,0.10,0.10,0.10,27.00,184.96,0.01,9000.00,-3000.00,2376.05
RELIANCE,25-Apr-2023,27-Apr-2023,CE,2760.00,0.15,0.15,0.15,0.15,0.15,-,2.00,13.80,-,3250.00,250.00,2376.05
RELIANCE,25-Apr-2023,27-Apr-2023,CE,2780.00,-,-,-,0.30,0.30,-,-,-,-,10500.00,-,2376.05
RELIANCE,25-Apr-2023,27-Apr-2023,CE,2800.00,0.15,0.25,0.10,0.15,0.10,0.15,144.00,1008.06,0.06,162500.00,-23750.00,2376.05
RELIANCE,25-Apr-2023,27-Apr-2023,CE,2820.00,-,-,-,0.15,0.15,-,-,-,-,3000.00,-,2376.05
RELIANCE,25-Apr-2023,27-Apr-2023,CE,2840.00,0.10,0.30,0.05,0.10,0.10,0.10,14.00,99.40,-,20250.00,-2500.00,2376.05
RELIANCE,26-Apr-2023,27-Apr-2023,CE,1800.00,-,-,-,617.10,-,562.45,-,-,-,-,-,2362.10
RELIANCE,26-Apr-2023,27-Apr-2023,CE,1820.00,-,-,-,598.15,-,542.45,-,-,-,-,-,2362.10
RELIANCE,26-Apr-2023,27-Apr-2023,CE,1840.00,-,-,-,579.35,-,522.50,-,-,-,-,-,2362.10
RELIANCE,26-Apr-2023,27-Apr-2023,CE,1860.00,-,-,-,560.70,-,502.50,-,-,-,-,-,2362.10
RELIANCE,26-Apr-2023,27-Apr-2023,CE,1880.00,-,-,-,542.15,-,482.50,-,-,-,-,-,2362.10
RELIANCE,26-Apr-2023,27-Apr-2023,CE,1900.00,-,-,-,452.85,452.85,462.50,-,-,-,5750.00,-,2362.10
RELIANCE,26-Apr-2023,27-Apr-2023,CE,1920.00,-,-,-,505.60,-,442.50,-,-,-,-,-,2362.10
RELIANCE,26-Apr-2023,27-Apr-2023,CE,1940.00,-,-,-,487.60,-,422.50,-,-,-,-,-,2362.10
RELIANCE,26-Apr-2023,27-Apr-2023,CE,1960.00,-,-,-,469.80,-,402.50,-,-,-,-,-,2362.10
RELIANCE,26-Apr-2023,27-Apr-2023,CE,1980.00,-,-,-,353.90,353.90,382.50,-,-,-,250.00,-,2362.10
RELIANCE,26-Apr-2023,27-Apr-2023,CE,2000.00,365.00,365.00,359.00,359.00,359.00,362.50,8.00,47.24,7.24,57000.00,-500.00,2362.10
RELIANCE,26-Apr-2023,27-Apr-2023,CE,2020.00,-,-,-,328.80,328.80,342.50,-,-,-,250.00,-,2362.10
RELIANCE,26-Apr-2023,27-Apr-2023,CE,2040.00,330.00,330.00,330.00,330.00,330.00,322.50,8.00,47.40,6.60,1750.00,-2000.00,2362.10
RELIANCE,26-Apr-2023,27-Apr-2023,CE,2060.00,-,-,-,250.00,250.00,302.50,-,-,-,500.00,-,2362.10
RELIANCE,26-Apr-2023,27-Apr-2023,CE,2080.00,-,-,-,261.10,261.10,282.50,-,-,-,1000.00,-,2362.10
RELIANCE,26-Apr-2023,27-Apr-2023,CE,2100.00,257.20,260.05,257.00,257.35,257.35,262.55,11.00,64.86,7.11,35750.00,-1500.00,2362.10
RELIANCE,26-Apr-2023,27-Apr-2023,CE,2120.00,-,-,-,236.80,236.80,242.55,-,-,-,250.00,-,2362.10
RELIANCE,26-Apr-2023,27-Apr-2023,CE,2140.00,-,-,-,211.50,211.50,222.55,-,-,-,16750.00,-,2362.10
RELIANCE,26-Apr-2023,27-Apr-2023,CE,2160.00,206.85,206.85,199.00,199.00,199.00,202.55,4.00,23.61,2.01,35750.00,-,2362.10
RELIANCE,26-Apr-2023,27-Apr-2023,CE,2180.00,-,-,-,172.00,172.00,182.55,-,-,-,34750.00,-,2362.10
RELIANCE,26-Apr-2023,27-Apr-2023,CE,2200.00,163.50,165.00,155.10,157.40,156.20,157.40,93.00,548.52,37.02,128000.00,-8500.00,2362.10
RELIANCE,26-Apr-2023,27-Apr-2023,CE,2220.00,137.95,138.50,137.00,138.00,138.00,138.00,30.00,176.84,10.34,40500.00,-2500.00,2362.10
RELIANCE,26-Apr-2023,27-Apr-2023,CE,2240.00,129.45,129.45,116.55,117.25,118.00,117.25,74.00,436.48,22.08,65500.00,-15750.00,2362.10
RELIANCE,26-Apr-2023,27-Apr-2023,CE,2260.00,102.55,105.10,96.00,97.20,98.00,97.20,118.00,696.03,29.33,87250.00,-17000.00,2362.10
RELIANCE,26-Apr-2023,27-Apr-2023,CE,2280.00,82.85,85.05,76.80,77.55,77.50,77.55,51.00,300.88,10.18,159750.00,-6250.00,2362.10
RELIANCE,26-Apr-2023,27-Apr-2023,CE,2300.00,71.05,71.05,55.00,57.40,56.65,57.40,1564.00,9227.86,234.86,223750.00,-156750.00,2362.10
RELIANCE,26-Apr-2023,27-Apr-2023,CE,2320.00,52.05,52.05,36.25,37.90,37.25,37.90,2145.00,12656.95,215.95,140750.00,-82750.00,2362.10
RELIANCE,26-Apr-2023,27-Apr-2023,CE,2340.00,31.90,33.20,18.10,20.10,19.00,20.10,7039.00,41584.62,406.47,409500.00,-78000.00,2362.10
RELIANCE,26-Apr-2023,27-Apr-2023,CE,2360.00,19.95,24.00,6.35,7.10,6.55,7.10,22592.00,133875.00,582.20,800250.00,-345750.00,2362.10
RELIANCE,26-Apr-2023,27-Apr-2023,CE,2380.00,14.00,14.05,2.30,2.90,2.65,2.90,30847.00,183914.65,375.00,1479250.00,-316500.00,2362.10
RELIANCE,26-Apr-2023,27-Apr-2023,CE,2400.00,8.15,8.15,1.00,1.20,1.00,1.20,26459.00,158907.98,153.98,3354000.00,-716750.00,2362.10
RELIANCE,26-Apr-2023,27-Apr-2023,CE,2420.00,3.25,3.25,0.40,0.55,0.55,0.55,8097.00,49009.81,22.96,650000.00,-176000.00,2362.10
RELIANCE,26-Apr-2023,27-Apr-2023,CE,2440.00,1.00,1.10,0.30,0.40,0.35,0.40,4228.00,25797.41,6.61,605000.00,-343250.00,2362.10
RELIANCE,26-Apr-2023,27-Apr-2023,CE,2460.00,0.55,0.60,0.25,0.30,0.25,0.30,2547.00,15666.57,2.52,655750.00,-124500.00,2362.10
RELIANCE,26-Apr-2023,27-Apr-2023,CE,2480.00,0.25,0.50,0.15,0.25,0.15,0.25,1628.00,10094.78,1.18,221750.00,-103750.00,2362.10
RELIANCE,26-Apr-2023,27-Apr-2023,CE,2500.00,0.50,0.50,0.15,0.25,0.15,0.25,4618.00,28865.52,3.02,1697500.00,-531250.00,2362.10
RELIANCE,26-Apr-2023,27-Apr-2023,CE,2520.00,0.40,0.40,0.15,0.20,0.20,0.20,325.00,2047.68,0.18,164500.00,-26500.00,2362.10
RELIANCE,26-Apr-2023,27-Apr-2023,CE,2540.00,0.25,0.50,0.15,0.20,0.15,0.20,241.00,1530.49,0.14,133750.00,-19500.00,2362.10
RELIANCE,26-Apr-2023,27-Apr-2023,CE,2560.00,0.20,0.35,0.15,0.20,0.15,0.20,273.00,1747.36,0.16,190750.00,-6000.00,2362.10
RELIANCE,26-Apr-2023,27-Apr-2023,CE,2580.00,0.15,0.30,0.15,0.15,0.15,0.15,75.00,483.79,0.04,40000.00,-3250.00,2362.10
RELIANCE,26-Apr-2023,27-Apr-2023,CE,2600.00,0.15,0.40,0.05,0.20,0.15,0.20,2022.00,13144.08,1.08,521250.00,-211500.00,2362.10
RELIANCE,26-Apr-2023,27-Apr-2023,CE,2620.00,0.05,0.20,0.05,0.20,0.20,0.20,79.00,517.48,0.03,20750.00,-3750.00,2362.10
RELIANCE,26-Apr-2023,27-Apr-2023,CE,2640.00,0.10,0.25,0.05,0.20,0.20,-,113.00,745.83,0.03,38250.00,-4500.00,2362.10
RELIANCE,26-Apr-2023,27-Apr-2023,CE,2660.00,0.20,0.30,0.10,0.20,0.20,-,57.00,379.07,0.02,16000.00,-6500.00,2362.10
RELIANCE,26-Apr-2023,27-Apr-2023,CE,2680.00,0.15,0.20,0.10,0.20,0.20,0.20,34.00,227.81,0.01,18000.00,-4500.00,2362.10
RELIANCE,26-Apr-2023,27-Apr-2023,CE,2700.00,0.05,0.15,0.05,0.10,0.05,0.10,215.00,1451.29,0.04,287000.00,-42500.00,2362.10
RELIANCE,26-Apr-2023,27-Apr-2023,CE,2720.00,-,-,-,0.15,0.15,-,-,-,-,7750.00,-,2362.10
RELIANCE,26-Apr-2023,27-Apr-2023,CE,2740.00,-,-,-,0.10,0.10,-,-,-,-,9000.00,-,2362.10
RELIANCE,26-Apr-2023,27-Apr-2023,CE,2760.00,-,-,-,0.15,0.15,-,-,-,-,3250.00,-,2362.10
RELIANCE,26-Apr-2023,27-Apr-2023,CE,2780.00,0.05,0.05,0.05,0.05,0.05,-,13.00,90.35,-,7250.00,-3250.00,2362.10
RELIANCE,26-Apr-2023,27-Apr-2023,CE,2800.00,0.05,0.15,0.05,0.05,0.05,-,329.00,2303.06,0.06,100750.00,-61750.00,2362.10
RELIANCE,26-Apr-2023,27-Apr-2023,CE,2820.00,-,-,-,0.15,0.15,-,-,-,-,3000.00,-,2362.10
RELIANCE,26-Apr-2023,27-Apr-2023,CE,2840.00,0.05,0.20,0.05,0.20,0.20,0.20,7.00,49.70,-,19250.00,-1000.00,2362.10
RELIANCE,27-Apr-2023,27-Apr-2023,CE,1800.00,-,-,-,617.10,-,2377.05,-,-,-,-,-,2377.05
RELIANCE,27-Apr-2023,27-Apr-2023,CE,1820.00,-,-,-,598.15,-,2377.05,-,-,-,-,-,2377.05
RELIANCE,27-Apr-2023,27-Apr-2023,CE,1840.00,-,-,-,579.35,-,2377.05,-,-,-,-,-,2377.05
RELIANCE,27-Apr-2023,27-Apr-2023,CE,1860.00,-,-,-,560.70,-,2377.05,-,-,-,-,-,2377.05
RELIANCE,27-Apr-2023,27-Apr-2023,CE,1880.00,-,-,-,542.15,-,2377.05,-,-,-,-,-,2377.05
RELIANCE,27-Apr-2023,27-Apr-2023,CE,1900.00,-,-,-,452.85,452.85,2377.05,-,-,-,5750.00,-,2377.05
RELIANCE,27-Apr-2023,27-Apr-2023,CE,1920.00,-,-,-,505.60,-,2377.05,-,-,-,-,-,2377.05
RELIANCE,27-Apr-2023,27-Apr-2023,CE,1940.00,-,-,-,487.60,-,2377.05,-,-,-,-,-,2377.05
RELIANCE,27-Apr-2023,27-Apr-2023,CE,1960.00,-,-,-,469.80,-,2377.05,-,-,-,-,-,2377.05
RELIANCE,27-Apr-2023,27-Apr-2023,CE,1980.00,-,-,-,353.90,353.90,2377.05,-,-,-,250.00,-,2377.05
RELIANCE,27-Apr-2023,27-Apr-2023,CE,2000.00,367.00,373.00,363.50,367.00,367.00,2377.05,140.00,828.68,128.68,51500.00,-5500.00,2377.05
RELIANCE,27-Apr-2023,27-Apr-2023,CE,2020.00,-,-,-,328.80,328.80,2377.05,-,-,-,250.00,-,2377.05
RELIANCE,27-Apr-2023,27-Apr-2023,CE,2040.00,-,-,-,330.00,330.00,2377.05,-,-,-,1750.00,-,2377.05
RELIANCE,27-Apr-2023,27-Apr-2023,CE,2060.00,-,-,-,250.00,250.00,2377.05,-,-,-,500.00,-,2377.05
RELIANCE,27-Apr-2023,27-Apr-2023,CE,2080.00,-,-,-,261.10,261.10,2377.05,-,-,-,1000.00,-,2377.05
RELIANCE,27-Apr-2023,27-Apr-2023,CE,2100.00,262.15,271.35,262.15,269.50,269.50,2377.05,26.00,153.96,17.46,30500.00,-5250.00,2377.05
RELIANCE,27-Apr-2023,27-Apr-2023,CE,2120.00,-,-,-,236.80,236.80,2377.05,-,-,-,250.00,-,2377.05
RELIANCE,27-Apr-2023,27-Apr-2023,CE,2140.00,233.00,233.00,233.00,233.00,233.00,2377.05,1.00,5.93,0.58,16500.00,-250.00,2377.05
RELIANCE,27-Apr-2023,27-Apr-2023,CE,2160.00,201.65,211.00,201.65,210.50,210.50,2377.05,16.00,94.69,8.29,34750.00,-1000.00,2377.05
RELIANCE,27-Apr-2023,27-Apr-2023,CE,2180.00,181.75,194.00,181.00,194.00,194.00,2377.05,27.00,159.53,12.38,38500.00,3750.00,2377.05
RELIANCE,27-Apr-2023,27-Apr-2023,CE,2200.00,161.55,174.15,161.00,170.90,173.80,2377.05,206.00,1219.76,86.76,110750.00,-17250.00,2377.05
RELIANCE,27-Apr-2023,27-Apr-2023,CE,2220.00,140.00,151.45,140.00,148.55,148.55,2377.05,39.00,230.69,14.24,45250.00,4750.00,2377.05
RELIANCE,27-Apr-2023,27-Apr-2023,CE,2240.00,122.20,136.00,112.15,130.45,132.00,2377.05,75.00,443.77,23.77,50750.00,-14750.00,2377.05
RELIANCE,27-Apr-2023,27-Apr-2023,CE,2260.00,101.95,113.65,100.55,111.65,111.20,2377.05,96.00,568.53,26.13,72250.00,-15000.00,2377.05
RELIANCE,27-Apr-2023,27-Apr-2023,CE,2280.00,81.35,108.30,81.00,95.35,92.75,2377.05,127.00,752.36,28.46,137750.00,-22000.00,2377.05
RELIANCE,27-Apr-2023,27-Apr-2023,CE,2300.00,63.50,75.25,60.50,71.75,74.65,2377.05,840.00,4971.81,141.81,135250.00,-88500.00,2377.05
RELIANCE,27-Apr-2023,27-Apr-2023,CE,2320.00,42.55,54.55,40.65,51.20,53.85,2377.05,367.00,2172.57,43.97,109500.00,-31250.00,2377.05
RELIANCE,27-Apr-2023,27-Apr-2023,CE,2340.00,30.85,35.00,21.00,30.00,33.50,2377.05,1739.00,10296.99,123.84,229500.00,-180000.00,2377.05
RELIANCE,27-Apr-2023,27-Apr-2023,CE,2360.00,14.05,18.05,6.20,9.25,13.00,2377.05,6635.00,39322.65,176.15,339750.00,-460500.00,2377.05
RELIANCE,27-Apr-2023,27-Apr-2023,CE,2380.00,3.45,6.95,0.05,0.20,0.05,2377.05,15710.00,93548.14,73.64,700250.00,-779000.00,2377.05
RELIANCE,27-Apr-2023,27-Apr-2023,CE,2400.00,2.10,2.10,0.05,0.05,0.05,2377.05,17401.00,104427.01,21.01,2121000.00,-1233000.00,2377.05
RELIANCE,27-Apr-2023,27-Apr-2023,CE,2420.00,0.45,0.80,0.05,0.05,0.05,2377.05,2925.00,17697.87,1.62,431250.00,-218750.00,2377.05
RELIANCE,27-Apr-2023,27-Apr-2023,CE,2440.00,0.05,0.35,0.05,0.05,0.05,2377.05,1986.00,12115.33,0.73,424500.00,-180500.00,2377.05
RELIANCE,27-Apr-2023,27-Apr-2023,CE,2460.00,0.15,0.25,0.05,0.05,0.05,2377.05,1052.00,6470.06,0.26,561500.00,-94250.00,2377.05
RELIANCE,27-Apr-2023,27-Apr-2023,CE,2480.00,0.05,0.30,0.05,0.05,0.05,2377.05,684.00,4240.95,0.15,147750.00,-74000.00,2377.05
RELIANCE,27-Apr-2023,27-Apr-2023,CE,2500.00,0.15,0.20,0.05,0.05,0.05,2377.05,4762.00,29763.57,1.07,928000.00,-769500.00,2377.05
RELIANCE,27-Apr-2023,27-Apr-2023,CE,2520.00,0.15,0.15,0.05,0.05,0.05,2377.05,239.00,1505.74,0.04,140250.00,-24250.00,2377.05
RELIANCE,27-Apr-2023,27-Apr-2023,CE,2540.00,0.15,0.15,0.05,0.10,0.10,2377.05,365.00,2317.84,0.09,61250.00,-72500.00,2377.05
RELIANCE,27-Apr-2023,27-Apr-2023,CE,2560.00,0.15,0.20,0.05,0.10,0.10,2377.05,504.00,3225.72,0.12,178500.00,-12250.00,2377.05
RELIANCE,27-Apr-2023,27-Apr-2023,CE,2580.00,0.30,0.30,0.05,0.10,0.10,2377.05,124.00,799.83,0.03,28250.00,-11750.00,2377.05
RELIANCE,27-Apr-2023,27-Apr-2023,CE,2600.00,0.05,0.25,0.05,0.05,0.05,2377.05,1193.00,7754.74,0.24,358250.00,-163000.00,2377.05
RELIANCE,27-Apr-2023,27-Apr-2023,CE,2620.00,0.10,0.10,0.05,0.05,0.05,2377.05,45.00,294.76,0.01,12000.00,-8750.00,2377.05
RELIANCE,27-Apr-2023,27-Apr-2023,CE,2640.00,0.10,0.10,0.05,0.05,0.05,2377.05,21.00,138.60,-,34500.00,-3750.00,2377.05
RELIANCE,27-Apr-2023,27-Apr-2023,CE,2660.00,0.10,0.10,0.05,0.05,0.05,2377.05,27.00,179.55,-,10750.00,-5250.00,2377.05
RELIANCE,27-Apr-2023,27-Apr-2023,CE,2680.00,0.30,0.30,0.05,0.05,0.05,2377.05,24.00,160.80,-,12000.00,-6000.00,2377.05
RELIANCE,27-Apr-2023,27-Apr-2023,CE,2700.00,0.10,0.10,0.05,0.05,0.05,2377.05,219.00,1478.28,0.03,232750.00,-54250.00,2377.05
RELIANCE,27-Apr-2023,27-Apr-2023,CE,2720.00,-,-,-,0.15,0.15,2377.05,-,-,-,7750.00,-,2377.05
RELIANCE,27-Apr-2023,27-Apr-2023,CE,2740.00,0.05,0.05,0.05,0.05,0.05,2377.05,1.00,6.85,-,9000.00,-,2377.05
RELIANCE,27-Apr-2023,27-Apr-2023,CE,2760.00,0.05,0.05,0.05,0.05,0.05,2377.05,1.00,6.90,-,3000.00,-250.00,2377.05
RELIANCE,27-Apr-2023,27-Apr-2023,CE,2780.00,0.05,0.10,0.05,0.05,0.05,2377.05,15.00,104.25,-,6750.00,-500.00,2377.05
RELIANCE,27-Apr-2023,27-Apr-2023,CE,2800.00,0.05,0.15,0.05,0.05,0.05,2377.05,476.00,3332.10,0.10,40500.00,-60250.00,2377.05
RELIANCE,27-Apr-2023,27-Apr-2023,CE,2820.00,-,-,-,0.15,0.15,2377.05,-,-,-,3000.00,-,2377.05
RELIANCE,27-Apr-2023,27-Apr-2023,CE,2840.00,0.10,0.25,0.05,0.05,0.05,2377.05,33.00,234.31,0.01,21250.00,2000.00,2377.05